
 Working directory              : /scratch/jsc/tmpdir_665213/molpro.Zy4HlvB1Qk/
 Global scratch directory       : /scratch/jsc/tmpdir_665213/molpro.Zy4HlvB1Qk/
 Wavefunction directory         : /home/jsc/storage_5/N2O/vqzf12/ccsdsdtf12/standardinp/14_14_16/
 Main file repository           : /home/jsc/storage_5/N2O/vqzf12/ccsdsdtf12/standardinp/14_14_16/

 id        : liedlgroup

 Nodes     nprocs
 rune03      12
 GA implementation: MPI file
 GA implementation (serial work in mppx): MPI file

 Using customized tuning parameters: mindgm=1; mindgv=20; mindgc=4; mindgr=1; noblas=0; minvec=7
 default implementation of scratch files=sf  


 Variables initialized (1015), CPU time= 0.00 sec
 memory,1000,m
 
 file,1,n2o_ccf12tz.int
 file,2,n2o_ccf12tz.wfu
 
 orient,mass
 geometry={
 O
 N1,O,B1
 N2,N1,B2,O,A1
 }
 
 B1=                  1.18600000 ANG
 B2=                  1.12600000 ANG
 A1=                180.00000000 DEGREE
 
 orient,mass
 mass,iso
 
 basis=vqz-f12
 {hf
 start,atden}
 ccsd(t)-f12
 optg,displace=symm
 freq,symm=auto
 put,molden,molden.dat
 
 
 basis=vqz-f12
 {hf
 start,atden}
 ccsd(t)-f12,freeze_save=1891.2
 
 basis=vtz-f12
 {hf
 start,atden}
 ccsd(t)-f12,freeze_save=1892.2
 
 PROC 12D
 symmetry,auto
 abinitio
 basis=vqz-f12
 int
 {hf
 start,atden}
 ccsd(t)-f12,freeze_start=1891.2
 ENDPROC
 
 PR 34D
 symmetry,auto
 abinitio
 basis=vtz-f12
 int
 {hf
 start,atden}
 ccsd(t)-f12,freeze_start=1892.2
 ENDPROC
 
 {xsurf,start1D=12D,sym=auto,info=2,ndim=4
 graph,ndim=2
 scalnm,show=1
 vmult,start2D=12D,start3D=34D,start4D=34D,Multi=4
 disk,where=home,extern='../n2o_ccf12qz_4D.xpot'}
 
 
 poly,pot=poly,info=1,ndim=4
 vscf,pot=poly,info=1,ndim=4,combi=2
 vci,pot=poly,info=1,ndim=4,combi=2,analyze=0.2
 
 
 Commands initialized (818), CPU time= 0.01 sec, 672 directives.
 Default parameters read. Elapsed time= 0.18 sec

 Checking input...
 Passed
1


                                         ***  PROGRAM SYSTEM MOLPRO  ***
                                       Copyright, TTI GmbH Stuttgart, 2015
                                    Version 2022.1 linked Jan 25 2022 12:44:58


 **********************************************************************************************************************************
 LABEL *                                                                                 
  64 bit mpp version                                                                     DATE: 27-Aug-22          TIME: 12:51:26  
 **********************************************************************************************************************************

 SHA1:             f3d4322b9bdbeed63a35be676bd653804e8a9433
 **********************************************************************************************************************************

 Memory per process:      1000 MW
 Total memory per node:  12000 MW

 GA preallocation disabled
 GA check disabled

 Variable memory set to 1000.0 MW



 Permanent file  1  n2o_ccf12tz.int  assigned.  Implementation=df  
 Permanent file  2  n2o_ccf12tz.wfu  assigned.  Implementation=df  



 **********************************************************************************************************************************
 DATASETS  * FILE   NREC   LENGTH (MB)   RECORD NAMES
              1       1        0.03       500   
                                          VAR  

              2       1        0.03       500   
                                          VAR  

 PROGRAMS   *        TOTAL      FILE
 CPU TIMES  *         0.20      0.00
 REAL TIME  *         0.31 SEC
 DISK USED  *         0.10 MB (local),        1.21 MB (total)
 **********************************************************************************************************************************
 ZCENTRE=MASS

 SETTING B1             =         1.18600000  ANG                             
 SETTING B2             =         1.12600000  ANG                             
 SETTING A1             =       180.00000000  DEGREE                          


 Using masses of most abundant isotopes

 **********************************************************************************************************************************
 SETTING BASIS          =    VQZ-F12


 Recomputing integrals since basis changed


 Using spherical harmonics

 Library entry O      S cc-pVQZ-F12          selected for orbital group  1
 Library entry O      P cc-pVQZ-F12          selected for orbital group  1
 Library entry O      D cc-pVQZ-F12          selected for orbital group  1
 Library entry O      F cc-pVQZ-F12          selected for orbital group  1
 Library entry O      G cc-pVQZ-F12          selected for orbital group  1
 Library entry N      S cc-pVQZ-F12          selected for orbital group  2
 Library entry N      P cc-pVQZ-F12          selected for orbital group  2
 Library entry N      D cc-pVQZ-F12          selected for orbital group  2
 Library entry N      F cc-pVQZ-F12          selected for orbital group  2
 Library entry N      G cc-pVQZ-F12          selected for orbital group  2


 PROGRAM * SEWARD (Integral evaluation for generally contracted gaussian basis sets)     Author: Roland Lindh, 1990

 Geometry written to block  1 of record 700

 Orientation using atomic masses  
 Molecule type: Linear
 Symmetry elements: X,Y
 Rotational constants:      12.6283355     12.6283355      0.0000000 GHz

 Point group  C2v 



 ATOMIC COORDINATES

 NR  ATOM    CHARGE       X              Y              Z

   1  O       8.00    0.000000000    0.000000000   -2.103676191
   2  N1      7.00    0.000000000    0.000000000    0.137538992
   3  N2      7.00    0.000000000    0.000000000    2.265370609

 Bond lengths in Bohr (Angstrom)

 1-2  2.241215184  2-3  2.127831616
     ( 1.186000000)     ( 1.126000000)

 Bond angles

  1-2-3  179.99999879

 NUCLEAR CHARGE:                   22
 NUMBER OF PRIMITIVE AOS:         378
 NUMBER OF SYMMETRY AOS:          303
 NUMBER OF CONTRACTIONS:          261   (  102A1  +   63B1  +   63B2  +   33A2  )
 NUMBER OF INNER CORE ORBITALS:     0   (    0A1  +    0B1  +    0B2  +    0A2  )
 NUMBER OF OUTER CORE ORBITALS:     3   (    3A1  +    0B1  +    0B2  +    0A2  )
 NUMBER OF VALENCE ORBITALS:       12   (    6A1  +    3B1  +    3B2  +    0A2  )


 NUCLEAR REPULSION ENERGY   60.83202408

 EXTRA SYMMETRY OF AOS IN SYMMETRY 1:   1 1 1 1 1 1 1 1 1 1   1 1 1 1 1 2 1 2 1 2   1 2 1 2 1 2 1 2 1 3   2 1 3 2 1 1 1 1 1 1
                                        1 1 1 1 1 1 1 1 1 2   1 2 1 2 1 2 1 2 1 2   1 2 1 3 2 1 3 2 1 1   1 1 1 1 1 1 1 1 1 1
                                        1 1 1 2 1 2 1 2 1 2   1 2 1 2 1 2 1 3 2 1   3 2
 EXTRA SYMMETRY OF AOS IN SYMMETRY 2:   1 1 1 1 1 1 1 1 1 1   1 1 2 1 2 1 2 1 2 1   2 1 1 1 1 1 1 1 1 1   1 1 1 2 1 2 1 2 1 2
                                        1 2 1 1 1 1 1 1 1 1   1 1 1 1 2 1 2 1 2 1   2 1 2
 EXTRA SYMMETRY OF AOS IN SYMMETRY 3:   1 1 1 1 1 1 1 1 1 1   1 1 2 1 2 1 2 1 2 1   2 1 1 1 1 1 1 1 1 1   1 1 1 2 1 2 1 2 1 2
                                        1 2 1 1 1 1 1 1 1 1   1 1 1 1 2 1 2 1 2 1   2 1 2
 EXTRA SYMMETRY OF AOS IN SYMMETRY 4:   1 1 1 1 1 1 1 1 2 1   2 1 1 1 1 1 1 1 1 2   1 2 1 1 1 1 1 1 1 1   2 1 2

 Eigenvalues of metric

         1 0.142E-04 0.358E-04 0.484E-04 0.982E-04 0.154E-03 0.172E-03 0.189E-03 0.217E-03
         2 0.189E-03 0.297E-03 0.384E-03 0.441E-03 0.587E-03 0.131E-02 0.275E-02 0.477E-02
         3 0.189E-03 0.297E-03 0.384E-03 0.441E-03 0.587E-03 0.131E-02 0.275E-02 0.477E-02
         4 0.329E-02 0.526E-02 0.591E-01 0.817E-01 0.991E-01 0.127E+00 0.154E+00 0.230E+00


 Contracted 2-electron integrals neglected if value below      1.0D-12
 AO integral compression algorithm  1   Integral accuracy      1.0D-12

     652.214 MB (compressed) written to integral file ( 45.4%)

     Node minimum: 45.089 MB, node maximum: 64.487 MB


 NUMBER OF SORTED TWO-ELECTRON INTEGRALS:   12448902.     BUFFER LENGTH:  32768
 NUMBER OF SEGMENTS:   1  SEGMENT LENGTH:   12448902      RECORD LENGTH: 524288

 Memory used in sort:      13.01 MW

 SORT1 READ   179559494. AND WROTE     9091758. INTEGRALS IN     27 RECORDS. CPU TIME:     2.81 SEC, REAL TIME:     2.95 SEC
 SORT2 READ   108717753. AND WROTE   149462217. INTEGRALS IN   2748 RECORDS. CPU TIME:     0.21 SEC, REAL TIME:     0.36 SEC

 Node minimum:    12427986.  Node maximum:    12474367. integrals

 OPERATOR DM      FOR CENTER  0  COORDINATES:    0.000000    0.000000    0.000000


 **********************************************************************************************************************************
 DATASETS  * FILE   NREC   LENGTH (MB)   RECORD NAMES
              1      18       29.32       500      610      700      900      950      970     1000      129      960     1100   
                                          VAR    BASINP    GEOM    SYMINP    ZMAT    AOBASIS   BASIS     P2S    ABASIS      S 
                                         1400     1410     1200     1210     1080     1600     1650     1700   
                                           T        V       H0       H01     AOSYM     SMH    MOLCAS    OPER   

              2       5       11.77       500      610      700     1000      520   
                                          VAR    BASINP    GEOM     BASIS   MCVARS    

 PROGRAMS   *        TOTAL       INT      FILE
 CPU TIMES  *         5.52      5.32      0.00
 REAL TIME  *         6.50 SEC
 DISK USED  *        41.17 MB (local),        2.29 GB (total)
 GA USED    *         0.00 MB       (max)       0.00 MB       (current)
 **********************************************************************************************************************************


 Program * Restricted Hartree-Fock

 Orbital guess generated from atomic densities. Full valence occupancy:    9   3   3   0

 Initial occupancy:   7   2   2   0

 NELEC=   22   SYM=1   MS2= 0   THRE=1.0D-08   THRD=1.0D-06   THRG=1.0D-06  HFMA2=F  DIIS_START=2   DIIS_MAX=10   DIIS_INCORE=F

 Level shifts:    0.00 (CLOSED)    0.00 (OPEN)    0.30 (GAP_MIN)

 ITER           ETOT              DE          GRAD        DDIFF     DIIS  NEXP   TIME(IT)  TIME(TOT)  DIAG
   1     -183.66951876    -183.66951876     0.00D+00     0.62D-01     0     0       0.04      0.09    start
   2     -183.71393369      -0.04441493     0.12D-01     0.10D-01     1     0       0.06      0.15    diag
   3     -183.76519140      -0.05125771     0.94D-02     0.52D-02     2     0       0.04      0.19    diag
   4     -183.76595385      -0.00076244     0.93D-03     0.79D-03     3     0       0.04      0.23    diag
   5     -183.76616482      -0.00021097     0.51D-03     0.38D-03     4     0       0.04      0.27    diag
   6     -183.76622480      -0.00005998     0.21D-03     0.20D-03     5     0       0.05      0.32    diag
   7     -183.76623397      -0.00000917     0.78D-04     0.93D-04     6     0       0.04      0.36    diag
   8     -183.76623439      -0.00000042     0.18D-04     0.20D-04     7     0       0.06      0.42    fixocc
   9     -183.76623440      -0.00000001     0.31D-05     0.33D-05     8     0       0.04      0.46    diag
  10     -183.76623440      -0.00000000     0.20D-06     0.24D-06     9     0       0.05      0.51    diag/orth
  11     -183.76623440      -0.00000000     0.31D-07     0.35D-07     0     0       0.05      0.56    diag

 Final occupancy:   7   2   2   0

 !RHF STATE 1.1 Energy               -183.766234400044
  RHF One-electron energy            -370.650076042678
  RHF Two-electron energy             126.051817561631
  RHF Kinetic energy                  183.405133096903
  RHF Nuclear energy                   60.832024081004
  RHF Virial quotient                  -1.001968872392

 !RHF STATE 1.1 Dipole moment           0.00000000     0.00000000     0.25407057
 Dipole moment /Debye                   0.00000000     0.00000000     0.64578298

 Orbital energies:

           1.1          2.1          3.1          4.1          5.1          6.1          7.1          8.1          9.1
    -20.654177   -15.843390   -15.697241    -1.612192    -1.423885    -0.833069    -0.699088     0.059136     0.065838

           1.2          2.2          3.2          4.2
     -0.762911    -0.492178     0.077930     0.115936

           1.3          2.3          3.3          4.3
     -0.762911    -0.492178     0.077930     0.115936

           1.4          2.4
      0.637061     0.869128


 HOMO      2.3    -0.492178 =     -13.3928eV
 LUMO      8.1     0.059136 =       1.6092eV
 LUMO-HOMO         0.551314 =      15.0020eV

 Orbitals saved in record  2100.2


 **********************************************************************************************************************************
 DATASETS  * FILE   NREC   LENGTH (MB)   RECORD NAMES
              1      18       29.34       500      610      700      900      950      970     1000      129      960     1100   
                                          VAR    BASINP    GEOM    SYMINP    ZMAT    AOBASIS   BASIS     P2S    ABASIS      S 
                                         1400     1410     1200     1210     1080     1600     1650     1700   
                                           T        V       H0       H01     AOSYM     SMH    MOLCAS    OPER   

              2       6       12.20       500      610      700     1000      520     2100   
                                          VAR    BASINP    GEOM     BASIS   MCVARS     RHF  

 PROGRAMS   *        TOTAL    HF-SCF       INT      FILE
 CPU TIMES  *         6.10      0.57      5.32      0.00
 REAL TIME  *         7.16 SEC
 DISK USED  *        42.97 MB (local),        2.31 GB (total)
 GA USED    *         0.00 MB       (max)       0.00 MB       (current)
 **********************************************************************************************************************************


 PROGRAM * CCSD (Closed-shell coupled cluster)     Authors: C. Hampel, H.-J. Werner, 1991, M. Deegan, P.J. Knowles, 1992

                                  CCSD-F12 implementation by  H.-J. Werner, 2007

                   Density fitting integral evaluation by F.R. Manby, 2003,2007, G. Knizia, 2010


 Basis set VQZ-F12/JKFIT generated.      Number of basis functions:   426 
 Basis set CC-PVQZ-F12/OPTRI generated.  Number of basis functions:   258 
 Basis set VQZ-F12/MP2FIT generated.     Number of basis functions:   504 

 Convergence thresholds:  THRVAR = 1.00D-12  THRDEN = 1.00D-08

 CCSD(T)     terms to be evaluated (factor= 1.000)


 Number of core orbitals:           3 (   3   0   0   0 )
 Number of closed-shell orbitals:   8 (   4   2   2   0 )
 Number of external orbitals:     250 (  95  61  61  33 )

 Molecular orbitals read from record     2100.2  Type=RHF/CANONICAL  

 MP2-F12 correlation treatment (H.-J. Werner, 2006)
 ==================================================

 Using MP2-F12 with ansatz 3C(FIX)

 Using projected zeroth-order Hamiltonian (+Z)

 FOCKRIB=T FOCKRIC=T FOCKRIP=T CABSP=T CABSA=T CABSK=T CABSF=T GBC=F EBC=F DMAT=T NOFIK=T NOPAO=1 SOLVE=-1  USEPAO=0
 EXCH_A= T EXCH_B= F EXCH_C= F EXCH_P= F

 Geminal basis:    OPTFULL  GEM_TYPE=SLATER  BETA=1.0  NGEM=6

 Optimizing Gaussian exponents for each gem_beta

 Geminal optimization for beta= 1.0000
 Weight function:   m=0, omega= 1.4646

 Augmented Hessian optimization of geminal fit. Trust ratio= 0.40000
 Convergence reached after   2 iterations. Final gradient= 8.66D-16, Step= 4.23D-06, Delta= 1.28D-09

 Alpha:                 0.19532     0.81920     2.85917     9.50073    35.69989   197.79328
 Coeff:                 0.27070     0.30552     0.18297     0.10986     0.06810     0.04224


 Symmetry turned off. Reference energy:       -183.766234400044

 All pairs explicitly correlated. Number of r12-pairs:           36

 Excluding core orbitals from MO domains

 AO(A)-basis ORBITAL           loaded. Number of functions:     261
 RI(R)-basis CC-PVQZ-F12/OPTRI loaded. Number of functions:     258
 DF-basis VQZ-F12/JKFIT        loaded. Number of functions:     426

 Screening thresholds:   THRAO=  1.00D-10  THRMO=  1.00D-10  THRPROD=  1.00D-10
                         THRSW=  1.00D-07  THROV=  1.00D-12  THRAOF12= 1.00D-08

 CPU time for Fock operators                      4.21 sec

 Construction of ABS:
 Smallest eigenvalue of S          1.15E-04  (threshold= 1.00E-08)
 Ratio eigmin/eigmax               2.28E-05  (threshold= 1.00E-09)
 Smallest eigenvalue of S kept     1.15E-04  (threshold= 1.15E-04, 0 functions deleted, 258 kept)

 Construction of CABS:
 Smallest eigenvalue of S          1.28E-08  (threshold= 1.00E-08)
 Ratio eigmin/eigmax               1.28E-08  (threshold= 1.00E-09)
 Smallest eigenvalue of S kept     1.28E-08  (threshold= 1.28E-08, 0 functions deleted, 258 kept)

 CPU time for CABS singles                        0.04 sec

 CABS-singles contribution of  -0.00019360 patched into reference energy.
 New reference energy        -183.76642800

 AO(A)-basis ORBITAL           loaded. Number of functions:     261
 RI(R)-basis CC-PVQZ-F12/OPTRI loaded. Number of functions:     258
 DF-basis VQZ-F12/MP2FIT       loaded. Number of functions:     504

 Screening thresholds:   THRAO=  1.00D-10  THRMO=  1.00D-10  THRPROD=  1.00D-10
                         THRSW=  1.00D-07  THROV=  1.00D-12  THRAOF12= 1.00D-08

 CPU time for 3-index integral evaluation         0.58 sec
 CPU time for first  half transformation          0.04 sec (10634.7 MFLOP/sec)
 CPU time for sorting                             0.02 sec
 CPU time for fitting                             0.01 sec (27484.5 MFLOP/sec)
 CPU time for tilde quantities                    0.01 sec (40744.2 MFLOP/sec)
 CPU time for assembly                            0.10 sec (22691.3 MFLOP/sec)
 CPU time for tranop_f12                          0.07 sec (38326.3 MFLOP/sec)
 CPU time for f12 integrals (total)               1.13 sec, Elapsed time:      1.58 sec
 F12-matrices built in 12 passes.
 F12-matrices built in 12 passes.
 F12-matrices built in 12 passes.
 F12-matrices built in 12 passes.
 FC-matrix built in 12 passes.
 CPU time for f12 matrices (total)                0.07 sec, Elapsed time:      0.07 sec

 Diagonal F12 approximation with fixed coefficients:  TSING= 0.500,  TTRIP= 0.250 (scaled by -1/beta)

 DF-MP2-F12 energy corrections:
 ==============================
 Approx.                                    Singlet             Triplet             Total
 DF-MP2-F12/3*C(DX,FIX)                -0.025992304422     -0.002140168048     -0.028132472470
 DF-MP2-F12/3*C(FIX)                   -0.024929423550     -0.001935519959     -0.026864943510
 DF-MP2-F12/3C(FIX)                    -0.024826913118     -0.001966744531     -0.026793657649

 DF-MP2-F12 correlation energies:
 ================================
 Approx.                                    Singlet             Triplet             Ecorr            Total Energy
 DF-MP2                                -0.423624106991     -0.273490972192     -0.697115079183   -184.463543082520
 DF-MP2-F12/3*C(DX,FIX)                -0.449616411413     -0.275631140240     -0.725247551653   -184.491675554989
 DF-MP2-F12/3*C(FIX)                   -0.448553530541     -0.275426492151     -0.723980022693   -184.490408026030
 DF-MP2-F12/3C(FIX)                    -0.448451020109     -0.275457716723     -0.723908736832   -184.490336740169

 SCS-DF-MP2 energies (F_SING= 1.20000  F_TRIP= 0.62222  F_PARALLEL= 0.33333):
 ============================================================================
 SCS-DF-MP2                            -0.678521088864   -184.444949092201
 SCS-DF-MP2-F12/3*C(DX,FIX)            -0.711043514289   -184.477471517626
 SCS-DF-MP2-F12/3*C(FIX)               -0.709640720655   -184.476068723992
 SCS-DF-MP2-F12/3C(FIX)                -0.709537136758   -184.475965140095

 Symmetry restored.
 Symmetry transformation completed.

 Number of N-1 electron functions:               8
 Number of N-2 electron functions:              36
 Number of singly external CSFs:               624
 Number of doubly external CSFs:            516376
 Total number of CSFs:                      517001

 Pair and operator lists are different

 Length of J-op  integral file:             185.64 MB
 Length of K-op  integral file:             238.49 MB
 Length of 3-ext integral record:             0.00 MB

 Memory could be reduced to 43.23 Mwords without degradation in triples

 Integral transformation finished. Total CPU:   0.78 sec, npass=  1  Memory used:   5.54 MW

 Reference energy:                   -183.76642800

 Adding F12 terms to K(Cij), methodcc=6,  factor= 1.0

 ITER.      SQ.NORM     CORR.ENERGY   TOTAL ENERGY   ENERGY CHANGE        DEN1      VAR(S)    VAR(P)  DIIS     TIME  TIME/IT
   1      1.16536528    -0.66884525  -184.43527325     0.02833452     0.06167888  0.88D-02  0.90D-02  1  1     6.58     0.23
   2      1.18027926    -0.66305600  -184.42948400     0.00578925    -0.02287012  0.17D-03  0.65D-03  2  2     6.81     0.25
   3      1.18625059    -0.66338832  -184.42981633    -0.00033232    -0.00253672  0.24D-03  0.71D-04  3  3     7.04     0.26
   4      1.18952228    -0.66313384  -184.42956184     0.00025449    -0.00142591  0.23D-04  0.13D-04  4  4     7.28     0.26
   5      1.19161624    -0.66311121  -184.42953921     0.00002263    -0.00063407  0.40D-05  0.13D-05  5  5     7.51     0.26
   6      1.19212339    -0.66308305  -184.42951105     0.00002816    -0.00009387  0.38D-06  0.16D-06  6  6     7.75     0.27
   7      1.19224453    -0.66307230  -184.42950030     0.00001075    -0.00000262  0.71D-07  0.29D-07  6  1     7.99     0.27
   8      1.19227467    -0.66306863  -184.42949663     0.00000367    -0.00000812  0.53D-08  0.41D-08  6  2     8.21     0.27
   9      1.19227388    -0.66306793  -184.42949593     0.00000070     0.00000529  0.53D-09  0.71D-09  6  4     8.45     0.27
  10      1.19227689    -0.66306750  -184.42949550     0.00000043    -0.00000163  0.62D-10  0.97D-10  6  3     8.68     0.27
  11      1.19227610    -0.66306755  -184.42949555    -0.00000005     0.00000085  0.67D-11  0.12D-10  6  5     8.90     0.27
  12      1.19227602    -0.66306751  -184.42949552     0.00000003     0.00000007  0.17D-11  0.11D-11  6  6     9.13     0.27
  13      1.19227576    -0.66306755  -184.42949556    -0.00000004     0.00000013  0.12D-12  0.14D-12  6  1     9.36     0.27
  14      1.19227568    -0.66306756  -184.42949556    -0.00000000     0.00000003  0.34D-13  0.12D-13  6  2     9.58     0.27
  15      1.19227564    -0.66306756  -184.42949556    -0.00000000     0.00000001  0.28D-14  0.10D-14  6  4     9.81     0.27

 Norm of t1 vector:      0.11105232      S-energy:    -0.00000000      T1 diagnostic:  0.01963146
                                                                       D1 diagnostic:  0.04602572
                                                                       D2 diagnostic:  0.17724587 (external, symmetry=3)

 Doubles amplitudes (print threshold =  0.500E-01):

         I         J         SYM. A    SYM. B    A         B      T(IJ, AB)

         6         6         2         2         3         3     -0.05268664
         8         8         3         3         3         3     -0.05268664

 Adding energy correction from Wij-K(Fij), methodcc=6  factor= 1.0

  CCSD correlation energy              -0.663067558531
  MP2-F12 correction (uncoupled)       -0.026368053019
  C*T doubles correction               -0.000371081474
  f12b correction                       0.005332483292


 Total CPU time for triples:      2.35 sec


 RESULTS
 =======

  Reference energy                   -183.766234400044
  F12 singles correction               -0.000193603293

 F12 singles corrections added to reference energy

  New reference energy               -183.766428003337

  F12a singlet correction              -0.024796763037
  F12a triplet correction              -0.001942371456
  F12a total correction                -0.026739134493

 F12a corrections for ansatz F12/3C(FIX) added to CCSD energy

  CCSD-F12a singlet pair energy        -0.460297079027
  CCSD-F12a triplet pair energy        -0.229509613721
  CCSD-F12a correlation energy         -0.689806693024

  Triples (T) contribution             -0.038937351767
  Total correlation energy             -0.728744044791

  CCSD-F12a total energy             -184.456234696361
  CCSD[T]-F12a energy                -184.497881594462
  CCSD-T-F12a energy                 -184.494296423713
 !CCSD(T)-F12a total energy          -184.495172048127

 F12b corrections for ansatz F12/3C(FIX) added to CCSD(T)-F12a energy

  CCSD-F12b singlet pair energy        -0.455244122405
  CCSD-F12b triplet pair energy        -0.229230087051
  CCSD-F12b correlation energy         -0.684474209732

  Triples (T) contribution             -0.038937351767
  Total correlation energy             -0.723411561499

  CCSD-F12b total energy             -184.450902213069
  CCSD[T]-F12b energy                -184.492549111170
  CCSD-T-F12b energy                 -184.488963940421
 !CCSD(T)-F12b total energy          -184.489839564835

 Timing summary (sec):

 STEP                 CPU(USER)    SYS     CPU(TOT)    WALL
 Transformation          0.79      0.42      1.21      1.20
 CCSD iterations         3.47      0.64      4.11      4.18
 Triples                 2.35      0.11      2.46      2.46
 MP2-F12                 5.56      0.57      6.13      6.39
 F12b energy             0.15      0.02      0.17      0.17

 Program statistics:

 Available memory in ccsd:               999999557
 Min. memory needed in ccsd:               1565439
 Max. memory used in ccsd:                 2005899
 Max. memory used in cckext:               2226323 (16 integral passes)



 **********************************************************************************************************************************
 DATASETS  * FILE   NREC   LENGTH (MB)   RECORD NAMES
              1      19      158.62       500      610      700      900      950      970     1000      129      960     1100   
                                          VAR    BASINP    GEOM    SYMINP    ZMAT    AOBASIS   BASIS     P2S    ABASIS      S 
                                         1400     1410     1200     1210     1080     1600     1650     1700     1380   
                                           T        V       H0       H01     AOSYM     SMH    MOLCAS    OPER     JKOP   

              2       8       12.42       500      610      700     1000      520     2100     7360     7350   
                                          VAR    BASINP    GEOM     BASIS   MCVARS     RHF    F12ABS    EF12   

 PROGRAMS   *        TOTAL   CCSD(T)    HF-SCF       INT      FILE
 CPU TIMES  *        18.45     12.35      0.57      5.32      0.00
 REAL TIME  *        21.70 SEC
 DISK USED  *       224.80 MB (local),        3.87 GB (total)
 SF USED    *       665.49 MB
 GA USED    *         3.05 MB       (max)       0.00 MB       (current)
 **********************************************************************************************************************************


 PROGRAM * OPT (Geometry optimization)     Authors: F. Eckert and H.-J. Werner


 BFGS update of hessian

 *** Long output written to logfile /media/storage_5/jsc/N2O/vqzf12/ccsdsdtf12/standardinp/14_14_16/n2o.log ***


 Geometry optimization using default procedure for command CCSD(T)-F12

 Geometry written to block  1 of record 701

 Generated   2 symmetrical displacements

 Making model hessian for cartesian coordinates

 Entering Rational Function Geometry Optimization

 ITER.   ENERGY(OLD)    ENERGY(NEW)      DE          GRADMAX     GRADNORM    GRADRMS     STEPMAX     STEPLEN     STEPRMS   CPU-time
   1  -184.48983956  -184.48984541    -0.00000584  0.00389765  0.00487297  0.00121824  0.00239053  0.00262732  0.00151688    118.93
   2  -184.48984541  -184.48984543    -0.00000002  0.00025474  0.00033826  0.00008456  0.00019591  0.00021037  0.00012146    241.95

 END OF GEOMETRY OPTIMIZATION.

 Geometry written to block  1 of record 701

 Recomputing wavefunction for reoriented structure

 Current geometry (xyz format, in Angstrom)

    3
 CCSD(T)-F12/VQZ-F12  ENERGY=-184.48984543
 O          0.0000000000        0.0000000000       -1.1139572420
 N          0.0000000000        0.0000000000        0.0723821918
 N          0.0000000000        0.0000000000        1.2000277747

 **********************************************************************************************************************************


 **********************************************************************************************************************************
 DATASETS  * FILE   NREC   LENGTH (MB)   RECORD NAMES
              1      19      158.64       500      610      701      900      950      970     1000      129      960     1100   
                                          VAR    BASINP    GEOM    SYMINP    ZMAT    AOBASIS   BASIS     P2S    ABASIS      S 
                                         1400     1410     1200     1210     1080     1600     1650     1700     1380   
                                           T        V       H0       H01     AOSYM     SMH    MOLCAS    OPER     JKOP   

              2      10       12.63       500      610      700     1000      520     2100     7360     7350      701     5600   
                                          VAR    BASINP    GEOM     BASIS   MCVARS     RHF    F12ABS    EF12     GEOM     GINFO   

 PROGRAMS   *        TOTAL      OPTG   CCSD(T)    HF-SCF       INT      FILE
 CPU TIMES  *       278.11    259.65     12.35      0.57      5.32      0.00
 REAL TIME  *       300.35 SEC
 DISK USED  *         1.89 GB (local),       12.45 GB (total)
 SF USED    *       665.49 MB
 GA USED    *         3.05 MB       (max)       0.00 MB       (current)
 **********************************************************************************************************************************


 PROGRAM * HESSIAN

 Computing numerical hessian using default procedure for command CCSD(T)-F12

 Symmetry elements for unique displacements: X  Y  

 Using AUTO symmetry option

 Running default procedure: HF-SCF000  CCSD(T)-F12


 Numerically approximating hessian using central energy differences

 Task list generated. Total number of displacements:     24

 All  24 tasks completed.  CPU=    450.77 sec, Elapsed=    450.83 sec.

 CCSD(T)-F12 hessian saved to record  5300.2

 PROGRAM * FREQUENCIES (Calculation of harmonic vibrational spectra for CCSD(T)-F12)


 Permanent Dipole Moment [debye]
   1-  3    0.000000    0.000000    0.000000

 Dipole Moment Norm    0.0000000 [debye]

 Dipole Moment Derivatives [debye/ang]
              1             2             3             4             5             6             7             8
    1     0.0000000     0.0000000     0.0000000     0.0000000     0.0000000     0.0000000     0.0000000     0.0000000
    2     0.0000000     0.0000000     0.0000000     0.0000000     0.0000000     0.0000000     0.0000000     0.0000000
    3     0.0000000     0.0000000     0.0000000     0.0000000     0.0000000     0.0000000     0.0000000     0.0000000
              9
    1     0.0000000
    2     0.0000000
    3     0.0000000

 Projecting out rotations and translations

   Low Vibration      Wavenumber
        Nr             [1/cm] 
        1                0.00
        2                0.00
        3                0.00
        4                0.00
        5                0.00

     Vibration        Wavenumber
        Nr             [1/cm] 
        1              600.17
        2              600.17
        3             1303.73
        4             2289.17

 FREQUENCIES * CALCULATION OF NORMAL MODES FOR CCSD(T)-F12


 Atomic Coordinates

  Nr  Atom  Charge       X              Y              Z

   1   O     8.00    0.000000000    0.000000000   -2.105074102
   2   N1    7.00    0.000000000    0.000000000    0.136782519
   3   N2    7.00    0.000000000    0.000000000    2.267723836

 Gradient norm at reference geometry: 0.58636D-04

 Normal Modes

                              1 B1        2 B2        3 A1        4 A1 
 Wavenumbers [cm-1]          600.17      600.17     1303.73     2289.17
 Intensities [km/mol]          0.00        0.00        0.00        0.00
 Intensities [relative]        0.00        0.00        0.00        0.00
           OX1             -0.09401     0.00000    -0.00000    -0.00000
           OY1             -0.00000    -0.09401    -0.00000    -0.00000
           OZ1             -0.00000     0.00000     0.19068    -0.05860
           N1X2             0.22035    -0.00000    -0.00000    -0.00000
           N1Y2            -0.00000     0.22035    -0.00000    -0.00000
           N1Z2            -0.00000    -0.00000    -0.05339     0.21409
           N2X3            -0.11297    -0.00000    -0.00000    -0.00000
           N2Y3            -0.00000    -0.11297    -0.00000    -0.00000
           N2Z3            -0.00000    -0.00000    -0.16441    -0.14716


 Normal Modes of low/zero frequencies

                                  1           2           3           4           5
 Wavenumbers [cm-1]            0.00        0.00        0.00        0.00        0.00
 Intensities [km/mol]          0.00        0.00        0.00        0.00        0.00
 Intensities [relative]        0.00        0.00        0.00        0.00        0.00
           OX1              0.00115     0.00009    -0.00029     0.23169     0.00106
           OY1              0.00188    -0.04759     0.20424     0.00072    -0.09848
           OZ1              0.15065     0.00305    -0.00248    -0.00074    -0.00373
           N1X2             0.00424    -0.01165     0.05032     0.08895     0.11072
           N1Y2            -0.00122     0.10035     0.10649     0.00028    -0.03801
           N1Z2             0.15065     0.00305    -0.00248    -0.00074    -0.00373
           N2X3             0.00718    -0.02282     0.09843    -0.04673     0.21496
           N2Y3            -0.00417     0.24098     0.01358    -0.00014     0.01947
           N2Z3             0.15065     0.00305    -0.00248    -0.00074    -0.00373


 Frequencies dumped to record   5400.2

 Zero point energy:  0.01091980 [H]     2396.62 [1/CM]       28.67 [KJ/MOL]
 Frequency information read from record  5400.2

 Recomputing wavefunction at initial geometry


 **********************************************************************************************************************************
 DATASETS  * FILE   NREC   LENGTH (MB)   RECORD NAMES
              1      19      158.64       500      610      701      900      950      970     1000      129      960     1100   
                                          VAR    BASINP    GEOM    SYMINP    ZMAT    AOBASIS   BASIS     P2S    ABASIS      S 
                                         1400     1410     1200     1210     1080     1600     1650     1700     1380   
                                           T        V       H0       H01     AOSYM     SMH    MOLCAS    OPER     JKOP   

              2      13       12.64       500      610      700     1000      520     2100     7360     7350      701     5600   
                                          VAR    BASINP    GEOM     BASIS   MCVARS     RHF    F12ABS    EF12     GEOM     GINFO   
                                         5300     5450     5400   
                                         HESS     NMOD     FREQ   

 PROGRAMS   *        TOTAL      FREQ      OPTG   CCSD(T)    HF-SCF       INT      FILE
 CPU TIMES  *       716.35    438.24    259.65     12.35      0.57      5.32      0.00
 REAL TIME  *       771.35 SEC
 DISK USED  *         3.93 GB (local),       44.21 GB (total)
 SF USED    *       665.49 MB
 GA USED    *         3.05 MB       (max)       0.00 MB       (current)
 **********************************************************************************************************************************

 Dump information in style MOLDEN to molden.dat                                                                      

 Molecular orbitals read from record     2100.2  Type=RHF/CANONICAL (state 1.1)
 Occupation numbers read from record     2100.2  Type=RHF/RHF (state 1.1)
 Orbital energies read from record       2100.2  Type=RHF/CANONICAL (state 1.1)
 Redundancy group numbers read from rec  2100.2  Type=RHF/RHF (state 1.1)

 DUMP ORBITAL  1.1 AS ORBITAL    1  occ=    2.0000  eig=  -20.6545  GROUP=   2
 DUMP ORBITAL  2.1 AS ORBITAL    2  occ=    2.0000  eig=  -15.8438  GROUP=   2
 DUMP ORBITAL  3.1 AS ORBITAL    3  occ=    2.0000  eig=  -15.6977  GROUP=   2
 DUMP ORBITAL  4.1 AS ORBITAL    4  occ=    2.0000  eig=   -1.6117  GROUP=   2
 DUMP ORBITAL  5.1 AS ORBITAL    5  occ=    2.0000  eig=   -1.4229  GROUP=   2
 DUMP ORBITAL  6.1 AS ORBITAL    6  occ=    2.0000  eig=   -0.8334  GROUP=   2
 DUMP ORBITAL  1.2 AS ORBITAL    7  occ=    2.0000  eig=   -0.7624  GROUP=   2
 DUMP ORBITAL  1.3 AS ORBITAL    8  occ=    2.0000  eig=   -0.7624  GROUP=   2
 DUMP ORBITAL  7.1 AS ORBITAL    9  occ=    2.0000  eig=   -0.6991  GROUP=   2
 DUMP ORBITAL  2.2 AS ORBITAL   10  occ=    2.0000  eig=   -0.4920  GROUP=   2
 DUMP ORBITAL  2.3 AS ORBITAL   11  occ=    2.0000  eig=   -0.4920  GROUP=   2

 Total charge:      22.000000
 Frequency information read from record  5400.2

 **********************************************************************************************************************************
 SETTING BASIS          =    VQZ-F12


 Program * Restricted Hartree-Fock

 Orbital guess generated from atomic densities. Full valence occupancy:    9   3   3   0

 Initial occupancy:   7   2   2   0

 NELEC=   22   SYM=1   MS2= 0   THRE=1.0D-09   THRD=1.0D-07   THRG=1.0D-07  HFMA2=F  DIIS_START=2   DIIS_MAX=10   DIIS_INCORE=F

 Level shifts:    0.00 (CLOSED)    0.00 (OPEN)    0.30 (GAP_MIN)

 ITER           ETOT              DE          GRAD        DDIFF     DIIS  NEXP   TIME(IT)  TIME(TOT)  DIAG
   1     -183.66886030    -183.66886030     0.00D+00     0.62D-01     0     0       0.04      0.09    start
   2     -183.71315723      -0.04429692     0.12D-01     0.10D-01     1     0       0.05      0.14    diag
   3     -183.76474629      -0.05158906     0.94D-02     0.52D-02     2     0       0.05      0.19    diag
   4     -183.76551350      -0.00076721     0.93D-03     0.79D-03     3     0       0.04      0.23    diag
   5     -183.76572823      -0.00021473     0.51D-03     0.39D-03     4     0       0.05      0.28    diag
   6     -183.76578892      -0.00006069     0.21D-03     0.20D-03     5     0       0.05      0.33    diag
   7     -183.76579819      -0.00000926     0.78D-04     0.93D-04     6     0       0.05      0.38    diag
   8     -183.76579862      -0.00000043     0.18D-04     0.20D-04     7     0       0.05      0.43    fixocc
   9     -183.76579863      -0.00000001     0.31D-05     0.34D-05     8     0       0.05      0.48    diag
  10     -183.76579863      -0.00000000     0.20D-06     0.24D-06     9     0       0.05      0.53    diag/orth
  11     -183.76579863      -0.00000000     0.33D-07     0.38D-07     9     0       0.05      0.58    diag
  12     -183.76579863       0.00000000     0.60D-08     0.66D-08     0     0       0.04      0.62    diag

 Final occupancy:   7   2   2   0

 !RHF STATE 1.1 Energy               -183.765798628663
  RHF One-electron energy            -370.548305585774
  RHF Two-electron energy             126.002232369661
  RHF Kinetic energy                  183.394049385074
  RHF Nuclear energy                   60.780274587450
  RHF Virial quotient                  -1.002027051831

 !RHF STATE 1.1 Dipole moment           0.00000000     0.00000000     0.25249552
 Dipole moment /Debye                   0.00000000     0.00000000     0.64177959

 Orbital energies:

           1.1          2.1          3.1          4.1          5.1          6.1          7.1          8.1          9.1
    -20.654538   -15.843758   -15.697710    -1.611709    -1.422906    -0.833362    -0.699094     0.059128     0.065847

           1.2          2.2          3.2          4.2
     -0.762416    -0.492005     0.077916     0.115890

           1.3          2.3          3.3          4.3
     -0.762416    -0.492005     0.077916     0.115890

           1.4          2.4
      0.637170     0.869388


 HOMO      2.3    -0.492005 =     -13.3881eV
 LUMO      8.1     0.059128 =       1.6090eV
 LUMO-HOMO         0.551134 =      14.9971eV

 Orbitals saved in record  2101.2


 **********************************************************************************************************************************
 DATASETS  * FILE   NREC   LENGTH (MB)   RECORD NAMES
              1      19      158.64       500      610      701      900      950      970     1000      129      960     1100   
                                          VAR    BASINP    GEOM    SYMINP    ZMAT    AOBASIS   BASIS     P2S    ABASIS      S 
                                         1400     1410     1200     1210     1080     1600     1650     1700     1380   
                                           T        V       H0       H01     AOSYM     SMH    MOLCAS    OPER     JKOP   

              2      14       13.04       500      610      700     1000      520     2100     7360     7350      701     5600   
                                          VAR    BASINP    GEOM     BASIS   MCVARS     RHF    F12ABS    EF12     GEOM     GINFO   
                                         5300     5450     5400     2101   
                                         HESS     NMOD     FREQ      RHF  

 PROGRAMS   *        TOTAL    HF-SCF      FREQ      OPTG   CCSD(T)    HF-SCF       INT      FILE
 CPU TIMES  *       717.20      0.64    438.24    259.65     12.35      0.57      5.32      0.00
 REAL TIME  *       772.29 SEC
 DISK USED  *         3.93 GB (local),       44.21 GB (total)
 SF USED    *       665.49 MB
 GA USED    *         3.05 MB       (max)       0.00 MB       (current)
 **********************************************************************************************************************************


 PROGRAM * CCSD (Closed-shell coupled cluster)     Authors: C. Hampel, H.-J. Werner, 1991, M. Deegan, P.J. Knowles, 1992

                                  CCSD-F12 implementation by  H.-J. Werner, 2007

                   Density fitting integral evaluation by F.R. Manby, 2003,2007, G. Knizia, 2010



 Convergence thresholds:  THRVAR = 1.00D-12  THRDEN = 1.00D-08

 CCSD(T)     terms to be evaluated (factor= 1.000)


 Number of core orbitals:           3 (   3   0   0   0 )
 Number of closed-shell orbitals:   8 (   4   2   2   0 )
 Number of external orbitals:     250 (  95  61  61  33 )

 Molecular orbitals read from record     2101.2  Type=RHF/CANONICAL (state 1.1)

 MP2-F12 correlation treatment (H.-J. Werner, 2006)
 ==================================================

 Using MP2-F12 with ansatz 3C(FIX)

 Using projected zeroth-order Hamiltonian (+Z)

 FOCKRIB=T FOCKRIC=T FOCKRIP=T CABSP=T CABSA=T CABSK=T CABSF=T GBC=F EBC=F DMAT=T NOFIK=T NOPAO=1 SOLVE=-1  USEPAO=0
 EXCH_A= T EXCH_B= F EXCH_C= F EXCH_P= F

 Geminal basis:    OPTFULL  GEM_TYPE=SLATER  BETA=1.0  NGEM=6

 Optimizing Gaussian exponents for each gem_beta

 Geminal optimization for beta= 1.0000
 Weight function:   m=0, omega= 1.4646

 Augmented Hessian optimization of geminal fit. Trust ratio= 0.40000
 Convergence reached after   2 iterations. Final gradient= 8.66D-16, Step= 4.23D-06, Delta= 1.28D-09

 Alpha:                 0.19532     0.81920     2.85917     9.50073    35.69989   197.79328
 Coeff:                 0.27070     0.30552     0.18297     0.10986     0.06810     0.04224


 Symmetry turned off. Reference energy:       -183.765798628663

 All pairs explicitly correlated. Number of r12-pairs:           36

 Excluding core orbitals from MO domains

 AO(A)-basis ORBITAL           loaded. Number of functions:     261
 RI(R)-basis CC-PVQZ-F12/OPTRI loaded. Number of functions:     258
 DF-basis VQZ-F12/JKFIT        loaded. Number of functions:     426

 Screening thresholds:   THRAO=  1.00D-10  THRMO=  1.00D-10  THRPROD=  1.00D-10
                         THRSW=  1.00D-07  THROV=  1.00D-12  THRAOF12= 1.00D-08

 CPU time for Fock operators                      4.25 sec

 Writing frozen CA basis information to record 1891.2.

 Construction of ABS:
 Smallest eigenvalue of S          1.15E-04  (threshold= 1.00E-08)
 Ratio eigmin/eigmax               2.28E-05  (threshold= 1.00E-09)
 Smallest eigenvalue of S kept     1.15E-04  (threshold= 1.15E-04, 0 functions deleted, 258 kept)

 Construction of CABS:
 Smallest eigenvalue of S          1.29E-08  (threshold= 1.00E-08)
 Ratio eigmin/eigmax               1.29E-08  (threshold= 1.00E-09)
 Smallest eigenvalue of S kept     1.29E-08  (threshold= 1.29E-08, 0 functions deleted, 258 kept)

 CPU time for CABS singles                        0.04 sec

 CABS-singles contribution of  -0.00019326 patched into reference energy.
 New reference energy        -183.76599189

 AO(A)-basis ORBITAL           loaded. Number of functions:     261
 RI(R)-basis CC-PVQZ-F12/OPTRI loaded. Number of functions:     258
 DF-basis VQZ-F12/MP2FIT       loaded. Number of functions:     504

 Screening thresholds:   THRAO=  1.00D-10  THRMO=  1.00D-10  THRPROD=  1.00D-10
                         THRSW=  1.00D-07  THROV=  1.00D-12  THRAOF12= 1.00D-08

 CPU time for 3-index integral evaluation         0.57 sec
 CPU time for first  half transformation          0.04 sec ( 9931.3 MFLOP/sec)
 CPU time for second half transformation          0.01 sec ( 1405.6 MFLOP/sec)
 CPU time for sorting                             0.04 sec
 CPU time for fitting                             0.01 sec (14783.7 MFLOP/sec)
 CPU time for assembly                            0.09 sec (25212.6 MFLOP/sec)
 CPU time for tranop_f12                          0.04 sec (71392.6 MFLOP/sec)
 CPU time for f12 integrals (total)               1.14 sec, Elapsed time:      1.57 sec
 F12-matrices built in 12 passes.
 F12-matrices built in 12 passes.
 F12-matrices built in 12 passes.
 F12-matrices built in 12 passes.
 FC-matrix built in 12 passes.
 CPU time for f12 matrices (total)                0.07 sec, Elapsed time:      0.07 sec

 Diagonal F12 approximation with fixed coefficients:  TSING= 0.500,  TTRIP= 0.250 (scaled by -1/beta)

 DF-MP2-F12 energy corrections:
 ==============================
 Approx.                                    Singlet             Triplet             Total
 DF-MP2-F12/3*C(DX,FIX)                -0.025982326655     -0.002138917219     -0.028121243873
 DF-MP2-F12/3*C(FIX)                   -0.024920969555     -0.001934586448     -0.026855556002
 DF-MP2-F12/3C(FIX)                    -0.024818954748     -0.001965836235     -0.026784790983

 DF-MP2-F12 correlation energies:
 ================================
 Approx.                                    Singlet             Triplet             Ecorr            Total Energy
 DF-MP2                                -0.423927124556     -0.273762212153     -0.697689336709   -184.463681229751
 DF-MP2-F12/3*C(DX,FIX)                -0.449909451211     -0.275901129371     -0.725810580582   -184.491802473624
 DF-MP2-F12/3*C(FIX)                   -0.448848094111     -0.275696798601     -0.724544892711   -184.490536785753
 DF-MP2-F12/3C(FIX)                    -0.448746079304     -0.275728048387     -0.724474127692   -184.490466020734

 SCS-DF-MP2 energies (F_SING= 1.20000  F_TRIP= 0.62222  F_PARALLEL= 0.33333):
 ============================================================================
 SCS-DF-MP2                            -0.679053481473   -184.445045374515
 SCS-DF-MP2-F12/3*C(DX,FIX)            -0.711563155284   -184.477555048326
 SCS-DF-MP2-F12/3*C(FIX)               -0.710162387618   -184.476154280660
 SCS-DF-MP2-F12/3C(FIX)                -0.710059414162   -184.476051307204

 Symmetry restored.
 Symmetry transformation completed.

 Number of N-1 electron functions:               8
 Number of N-2 electron functions:              36
 Number of singly external CSFs:               624
 Number of doubly external CSFs:            516376
 Total number of CSFs:                      517001

 Pair and operator lists are different

 Length of J-op  integral file:             185.64 MB
 Length of K-op  integral file:             238.49 MB
 Length of 3-ext integral record:             0.00 MB

 Memory could be reduced to 43.23 Mwords without degradation in triples

 Integral transformation finished. Total CPU:   0.81 sec, npass=  1  Memory used:   5.54 MW

 Reference energy:                   -183.76599189

 Adding F12 terms to K(Cij), methodcc=6,  factor= 1.0

 ITER.      SQ.NORM     CORR.ENERGY   TOTAL ENERGY   ENERGY CHANGE        DEN1      VAR(S)    VAR(P)  DIIS     TIME  TIME/IT
   1      1.16560904    -0.66925149  -184.43524338     0.02850257     0.06203063  0.88D-02  0.91D-02  1  1     6.61     0.23
   2      1.18059702    -0.66340545  -184.42939734     0.00584604    -0.02297773  0.17D-03  0.66D-03  2  2     6.83     0.25
   3      1.18659375    -0.66373817  -184.42973007    -0.00033272    -0.00254556  0.24D-03  0.71D-04  3  3     7.06     0.25
   4      1.18988156    -0.66348239  -184.42947429     0.00025578    -0.00143104  0.23D-04  0.13D-04  4  4     7.28     0.26
   5      1.19198796    -0.66345989  -184.42945178     0.00002250    -0.00063749  0.40D-05  0.13D-05  5  5     7.51     0.26
   6      1.19249879    -0.66343170  -184.42942360     0.00002819    -0.00009476  0.38D-06  0.16D-06  6  6     7.73     0.26
   7      1.19262111    -0.66342087  -184.42941277     0.00001083    -0.00000272  0.72D-07  0.29D-07  6  1     7.95     0.27
   8      1.19265153    -0.66341719  -184.42940908     0.00000369    -0.00000818  0.54D-08  0.42D-08  6  2     8.17     0.27
   9      1.19265072    -0.66341648  -184.42940837     0.00000071     0.00000534  0.54D-09  0.72D-09  6  4     8.42     0.27
  10      1.19265376    -0.66341604  -184.42940794     0.00000044    -0.00000164  0.63D-10  0.99D-10  6  3     8.65     0.27
  11      1.19265296    -0.66341610  -184.42940799    -0.00000005     0.00000086  0.68D-11  0.12D-10  6  5     8.87     0.27
  12      1.19265289    -0.66341606  -184.42940796     0.00000003     0.00000007  0.17D-11  0.12D-11  6  6     9.08     0.27
  13      1.19265262    -0.66341610  -184.42940800    -0.00000004     0.00000013  0.12D-12  0.14D-12  6  1     9.30     0.27
  14      1.19265254    -0.66341610  -184.42940800    -0.00000000     0.00000003  0.35D-13  0.12D-13  6  2     9.54     0.27
  15      1.19265250    -0.66341611  -184.42940800    -0.00000000     0.00000001  0.29D-14  0.10D-14  6  4     9.77     0.27

 Norm of t1 vector:      0.11128558      S-energy:     0.00000000      T1 diagnostic:  0.01967270
                                                                       D1 diagnostic:  0.04609506
                                                                       D2 diagnostic:  0.17753312 (external, symmetry=3)

 Doubles amplitudes (print threshold =  0.500E-01):

         I         J         SYM. A    SYM. B    A         B      T(IJ, AB)

         6         6         2         2         3         3     -0.05321678
         8         8         3         3         3         3     -0.05321678

 Adding energy correction from Wij-K(Fij), methodcc=6  factor= 1.0

  CCSD correlation energy              -0.663416106440
  MP2-F12 correction (uncoupled)       -0.026358048449
  C*T doubles correction               -0.000371587200
  f12b correction                       0.005333009614

 Total CPU time for triples:      2.36 sec


 RESULTS
 =======

  Reference energy                   -183.765798628663
  F12 singles correction               -0.000193264379

 F12 singles corrections added to reference energy

  New reference energy               -183.765991893042

  F12a singlet correction              -0.024788228185
  F12a triplet correction              -0.001941407465
  F12a total correction                -0.026729635650

 F12a corrections for ansatz F12/3C(FIX) added to CCSD energy

  CCSD-F12a singlet pair energy        -0.460543358264
  CCSD-F12a triplet pair energy        -0.229602386898
  CCSD-F12a correlation energy         -0.690145742089

  Triples (T) contribution             -0.039040801088
  Total correlation energy             -0.729186543177

  CCSD-F12a total energy             -184.456137635132
  CCSD[T]-F12a energy                -184.497901544291
  CCSD-T-F12a energy                 -184.494299092860
 !CCSD(T)-F12a total energy          -184.495178436219

 F12b corrections for ansatz F12/3C(FIX) added to CCSD(T)-F12a energy

  CCSD-F12b singlet pair energy        -0.455489792841
  CCSD-F12b triplet pair energy        -0.229322942707
  CCSD-F12b correlation energy         -0.684812732476

  Triples (T) contribution             -0.039040801088
  Total correlation energy             -0.723853533563

  CCSD-F12b total energy             -184.450804625518
  CCSD[T]-F12b energy                -184.492568534677
  CCSD-T-F12b energy                 -184.488966083247
 !CCSD(T)-F12b total energy          -184.489845426606

 Timing summary (sec):

 STEP                 CPU(USER)    SYS     CPU(TOT)    WALL
 Transformation          0.81      0.27      1.08      1.08
 CCSD iterations         3.38      0.63      4.01      4.07
 Triples                 2.36      0.10      2.46      2.46
 MP2-F12                 5.59      0.59      6.18      6.66
 F12b energy             0.16      0.01      0.17      0.17

 Program statistics:

 Available memory in ccsd:               999999543
 Min. memory needed in ccsd:               1565439
 Max. memory used in ccsd:                 2005899
 Max. memory used in cckext:               2226323 (16 integral passes)



 **********************************************************************************************************************************
 DATASETS  * FILE   NREC   LENGTH (MB)   RECORD NAMES
              1      19      158.64       500      610      701      900      950      970     1000      129      960     1100   
                                          VAR    BASINP    GEOM    SYMINP    ZMAT    AOBASIS   BASIS     P2S    ABASIS      S 
                                         1400     1410     1200     1210     1080     1600     1650     1700     1380   
                                           T        V       H0       H01     AOSYM     SMH    MOLCAS    OPER     JKOP   

              2      15       13.26       500      610      700     1000      520     2100     7360     7350      701     5600   
                                          VAR    BASINP    GEOM     BASIS   MCVARS     RHF    F12ABS    EF12     GEOM     GINFO   
                                         5300     5450     5400     2101     1891   
                                         HESS     NMOD     FREQ      RHF    F12ABS    

 PROGRAMS   *        TOTAL   CCSD(T)    HF-SCF      FREQ      OPTG   CCSD(T)    HF-SCF       INT      FILE
 CPU TIMES  *       729.53     12.33      0.64    438.24    259.65     12.35      0.57      5.32      0.00
 REAL TIME  *       786.84 SEC
 DISK USED  *         3.93 GB (local),       44.21 GB (total)
 SF USED    *       665.50 MB
 GA USED    *         3.05 MB       (max)       0.00 MB       (current)
 **********************************************************************************************************************************
 SETTING BASIS          =    VTZ-F12


 Recomputing integrals since basis changed


 Using spherical harmonics

 Library entry O      S cc-pVTZ-F12          selected for orbital group  1
 Library entry O      P cc-pVTZ-F12          selected for orbital group  1
 Library entry O      D cc-pVTZ-F12          selected for orbital group  1
 Library entry O      F cc-pVTZ-F12          selected for orbital group  1
 Library entry N      S cc-pVTZ-F12          selected for orbital group  2
 Library entry N      P cc-pVTZ-F12          selected for orbital group  2
 Library entry N      D cc-pVTZ-F12          selected for orbital group  2
 Library entry N      F cc-pVTZ-F12          selected for orbital group  2


 PROGRAM * SEWARD (Integral evaluation for generally contracted gaussian basis sets)     Author: Roland Lindh, 1990

 Geometry written to block  1 of record 701

 Orientation using atomic masses  
 Molecule type: Linear
 Symmetry elements: X,Y
 Rotational constants:      12.6071129     12.6071129      0.0000000 GHz

 Point group  C2v 



 ATOMIC COORDINATES

 NR  ATOM    CHARGE       X              Y              Z

   1  O       8.00    0.000000000    0.000000000   -2.105074102
   2  N1      7.00    0.000000000    0.000000000    0.136782519
   3  N2      7.00    0.000000000    0.000000000    2.267723836

 Bond lengths in Bohr (Angstrom)

 1-2  2.241856621  2-3  2.130941317
     ( 1.186339434)     ( 1.127645583)

 Bond angles

  1-2-3  179.99999879

 NUCLEAR CHARGE:                   22
 NUMBER OF PRIMITIVE AOS:         216
 NUMBER OF SYMMETRY AOS:          189
 NUMBER OF CONTRACTIONS:          159   (   66A1  +   39B1  +   39B2  +   15A2  )
 NUMBER OF INNER CORE ORBITALS:     0   (    0A1  +    0B1  +    0B2  +    0A2  )
 NUMBER OF OUTER CORE ORBITALS:     3   (    3A1  +    0B1  +    0B2  +    0A2  )
 NUMBER OF VALENCE ORBITALS:       12   (    6A1  +    3B1  +    3B2  +    0A2  )


 NUCLEAR REPULSION ENERGY   60.78027459

 EXTRA SYMMETRY OF AOS IN SYMMETRY 1:   1 1 1 1 1 1 1 1 1 1   1 1 1 2 1 2 1 2 1 2   1 2 1 1 1 1 1 1 1 1   1 1 1 1 1 2 1 2 1 2
                                        1 2 1 2 1 1 1 1 1 1   1 1 1 1 1 1 1 2 1 2   1 2 1 2 1 2
 EXTRA SYMMETRY OF AOS IN SYMMETRY 2:   1 1 1 1 1 1 1 1 1 1   2 1 2 1 1 1 1 1 1 1   1 1 1 2 1 2 1 1 1 1   1 1 1 1 1 1 2 1 2
 EXTRA SYMMETRY OF AOS IN SYMMETRY 3:   1 1 1 1 1 1 1 1 1 1   2 1 2 1 1 1 1 1 1 1   1 1 1 2 1 2 1 1 1 1   1 1 1 1 1 1 2 1 2

 Eigenvalues of metric

         1 0.683E-04 0.168E-03 0.214E-03 0.275E-03 0.512E-03 0.530E-03 0.570E-03 0.654E-03
         2 0.494E-03 0.576E-03 0.684E-03 0.219E-02 0.451E-02 0.857E-02 0.338E-01 0.514E-01
         3 0.494E-03 0.576E-03 0.684E-03 0.219E-02 0.451E-02 0.857E-02 0.338E-01 0.514E-01
         4 0.389E-01 0.908E-01 0.219E+00 0.239E+00 0.267E+00 0.470E+00 0.582E+00 0.670E+00


 Contracted 2-electron integrals neglected if value below      1.0D-11
 AO integral compression algorithm  1   Integral accuracy      1.0D-11

     97.780 MB (compressed) written to integral file ( 45.6%)

     Node minimum: 6.554 MB, node maximum: 9.699 MB


 NUMBER OF SORTED TWO-ELECTRON INTEGRALS:    1762278.     BUFFER LENGTH:  32768
 NUMBER OF SEGMENTS:   1  SEGMENT LENGTH:    1762278      RECORD LENGTH: 524288

 Memory used in sort:       2.32 MW

 SORT1 READ    26492611. AND WROTE     1432596. INTEGRALS IN      5 RECORDS. CPU TIME:     0.37 SEC, REAL TIME:     0.39 SEC
 SORT2 READ    16974605. AND WROTE    21109416. INTEGRALS IN    444 RECORDS. CPU TIME:     0.03 SEC, REAL TIME:     0.06 SEC

 Node minimum:     1753584.  Node maximum:     1762278. integrals

 OPERATOR DM      FOR CENTER  0  COORDINATES:    0.000000    0.000000    0.000000


 **********************************************************************************************************************************
 DATASETS  * FILE   NREC   LENGTH (MB)   RECORD NAMES
              1      18       28.89       500      610      701      900      950      970     1001      129      960     1100   
                                          VAR    BASINP    GEOM    SYMINP    ZMAT    AOBASIS   BASIS     P2S    ABASIS      S 
                                         1400     1410     1200     1210     1080     1600     1650     1700   
                                           T        V       H0       H01     AOSYM     SMH    MOLCAS    OPER   

              2      16       13.29       500      610      700     1000      520     2100     7360     7350      701     5600   
                                          VAR    BASINP    GEOM     BASIS   MCVARS     RHF    F12ABS    EF12     GEOM     GINFO   
                                         5300     5450     5400     2101     1891     1001   
                                         HESS     NMOD     FREQ      RHF    F12ABS    BASIS   

 PROGRAMS   *        TOTAL       INT   CCSD(T)    HF-SCF      FREQ      OPTG   CCSD(T)    HF-SCF       INT      FILE
 CPU TIMES  *       730.54      1.01     12.33      0.64    438.24    259.65     12.35      0.57      5.32      0.00
 REAL TIME  *       788.03 SEC
 DISK USED  *         3.93 GB (local),       44.21 GB (total)
 SF USED    *       665.50 MB
 GA USED    *         3.05 MB       (max)       0.00 MB       (current)
 **********************************************************************************************************************************


 Program * Restricted Hartree-Fock

 Orbital guess generated from atomic densities. Full valence occupancy:    9   3   3   0

 Initial occupancy:   7   2   2   0

 NELEC=   22   SYM=1   MS2= 0   THRE=1.0D-08   THRD=1.0D-07   THRG=1.0D-07  HFMA2=F  DIIS_START=2   DIIS_MAX=10   DIIS_INCORE=F

 Level shifts:    0.00 (CLOSED)    0.00 (OPEN)    0.30 (GAP_MIN)

 ITER           ETOT              DE          GRAD        DDIFF     DIIS  NEXP   TIME(IT)  TIME(TOT)  DIAG
   1     -183.66570208    -183.66570208     0.00D+00     0.99D-01     0     0       0.01      0.02    start
   2     -183.71003821      -0.04433613     0.15D-01     0.16D-01     1     0       0.01      0.03    diag
   3     -183.76166826      -0.05163005     0.12D-01     0.82D-02     2     0       0.01      0.04    diag
   4     -183.76243599      -0.00076773     0.12D-02     0.12D-02     3     0       0.01      0.05    diag
   5     -183.76265211      -0.00021612     0.65D-03     0.63D-03     4     0       0.01      0.06    diag
   6     -183.76271292      -0.00006081     0.27D-03     0.31D-03     5     0       0.01      0.07    diag
   7     -183.76272217      -0.00000925     0.99D-04     0.15D-03     6     0       0.01      0.08    diag
   8     -183.76272259      -0.00000043     0.22D-04     0.32D-04     7     0       0.00      0.08    fixocc
   9     -183.76272260      -0.00000001     0.40D-05     0.54D-05     8     0       0.01      0.09    diag
  10     -183.76272260      -0.00000000     0.25D-06     0.32D-06     9     0       0.01      0.10    diag/orth
  11     -183.76272260      -0.00000000     0.41D-07     0.47D-07     9     0       0.01      0.11    diag
  12     -183.76272260      -0.00000000     0.78D-08     0.11D-07     0     0       0.00      0.11    diag

 Final occupancy:   7   2   2   0

 !RHF STATE 1.1 Energy               -183.762722601864
  RHF One-electron energy            -370.535518758831
  RHF Two-electron energy             125.992521569517
  RHF Kinetic energy                  183.390139543862
  RHF Nuclear energy                   60.780274587450
  RHF Virial quotient                  -1.002031641717

 !RHF STATE 1.1 Dipole moment           0.00000000     0.00000000     0.25369513
 Dipole moment /Debye                   0.00000000     0.00000000     0.64482869

 Orbital energies:

           1.1          2.1          3.1          4.1          5.1          6.1          7.1          8.1          9.1
    -20.655402   -15.844063   -15.698322    -1.612152    -1.423332    -0.833574    -0.699241     0.066495     0.079932

           1.2          2.2          3.2          4.2
     -0.762545    -0.492031     0.095145     0.137508

           1.3          2.3          3.3          4.3
     -0.762545    -0.492031     0.095145     0.137508

           1.4          2.4
      0.755703     1.027073


 HOMO      2.3    -0.492031 =     -13.3888eV
 LUMO      8.1     0.066495 =       1.8094eV
 LUMO-HOMO         0.558526 =      15.1983eV

 Orbitals saved in record  2102.2


 **********************************************************************************************************************************
 DATASETS  * FILE   NREC   LENGTH (MB)   RECORD NAMES
              1      18       28.90       500      610      701      900      950      970     1001      129      960     1100   
                                          VAR    BASINP    GEOM    SYMINP    ZMAT    AOBASIS   BASIS     P2S    ABASIS      S 
                                         1400     1410     1200     1210     1080     1600     1650     1700   
                                           T        V       H0       H01     AOSYM     SMH    MOLCAS    OPER   

              2      17       13.51       500      610      700     1000      520     2100     7360     7350      701     5600   
                                          VAR    BASINP    GEOM     BASIS   MCVARS     RHF    F12ABS    EF12     GEOM     GINFO   
                                         5300     5450     5400     2101     1891     1001     2102   
                                         HESS     NMOD     FREQ      RHF    F12ABS    BASIS     RHF  

 PROGRAMS   *        TOTAL    HF-SCF       INT   CCSD(T)    HF-SCF      FREQ      OPTG   CCSD(T)    HF-SCF       INT      FILE
 CPU TIMES  *       730.65      0.11      1.01     12.33      0.64    438.24    259.65     12.35      0.57      5.32      0.00
 REAL TIME  *       788.18 SEC
 DISK USED  *         3.93 GB (local),       44.21 GB (total)
 SF USED    *       665.50 MB
 GA USED    *         3.05 MB       (max)       0.00 MB       (current)
 **********************************************************************************************************************************


 PROGRAM * CCSD (Closed-shell coupled cluster)     Authors: C. Hampel, H.-J. Werner, 1991, M. Deegan, P.J. Knowles, 1992

                                  CCSD-F12 implementation by  H.-J. Werner, 2007

                   Density fitting integral evaluation by F.R. Manby, 2003,2007, G. Knizia, 2010



 Convergence thresholds:  THRVAR = 1.00D-12  THRDEN = 1.00D-08

 CCSD(T)     terms to be evaluated (factor= 1.000)


 Number of core orbitals:           3 (   3   0   0   0 )
 Number of closed-shell orbitals:   8 (   4   2   2   0 )
 Number of external orbitals:     148 (  59  37  37  15 )

 Molecular orbitals read from record     2102.2  Type=RHF/CANONICAL (state 1.1)

 MP2-F12 correlation treatment (H.-J. Werner, 2006)
 ==================================================

 Using MP2-F12 with ansatz 3C(FIX)

 Using projected zeroth-order Hamiltonian (+Z)

 FOCKRIB=T FOCKRIC=T FOCKRIP=T CABSP=T CABSA=T CABSK=T CABSF=T GBC=F EBC=F DMAT=T NOFIK=T NOPAO=1 SOLVE=-1  USEPAO=0
 EXCH_A= T EXCH_B= F EXCH_C= F EXCH_P= F

 Geminal basis:    OPTFULL  GEM_TYPE=SLATER  BETA=1.0  NGEM=6

 Optimizing Gaussian exponents for each gem_beta

 Geminal optimization for beta= 1.0000
 Weight function:   m=0, omega= 1.4646

 Augmented Hessian optimization of geminal fit. Trust ratio= 0.40000
 Convergence reached after   2 iterations. Final gradient= 8.66D-16, Step= 4.23D-06, Delta= 1.28D-09

 Alpha:                 0.19532     0.81920     2.85917     9.50073    35.69989   197.79328
 Coeff:                 0.27070     0.30552     0.18297     0.10986     0.06810     0.04224


 Symmetry turned off. Reference energy:       -183.762722601864

 All pairs explicitly correlated. Number of r12-pairs:           36

 Excluding core orbitals from MO domains

 AO(A)-basis ORBITAL           loaded. Number of functions:     159
 RI(R)-basis CC-PVTZ-F12/OPTRI loaded. Number of functions:     225
 DF-basis VTZ-F12/JKFIT        loaded. Number of functions:     312

 Screening thresholds:   THRAO=  1.00D-10  THRMO=  1.00D-10  THRPROD=  1.00D-10
                         THRSW=  1.00D-07  THROV=  1.00D-12  THRAOF12= 1.00D-08

 CPU time for Fock operators                      1.59 sec

 Writing frozen CA basis information to record 1892.2.

 Construction of ABS:
 Smallest eigenvalue of S          1.31E-04  (threshold= 1.00E-08)
 Ratio eigmin/eigmax               2.21E-05  (threshold= 1.00E-09)
 Smallest eigenvalue of S kept     1.31E-04  (threshold= 1.31E-04, 0 functions deleted, 225 kept)

 Construction of CABS:
 Smallest eigenvalue of S          4.32E-07  (threshold= 1.00E-08)
 Ratio eigmin/eigmax               4.32E-07  (threshold= 1.00E-09)
 Smallest eigenvalue of S kept     4.32E-07  (threshold= 4.32E-07, 0 functions deleted, 225 kept)

 CPU time for CABS singles                        0.02 sec

 CABS-singles contribution of  -0.00137356 patched into reference energy.
 New reference energy        -183.76409616

 AO(A)-basis ORBITAL           loaded. Number of functions:     159
 RI(R)-basis CC-PVTZ-F12/OPTRI loaded. Number of functions:     225
 DF-basis VTZ-F12/MP2FIT       loaded. Number of functions:     318

 Screening thresholds:   THRAO=  1.00D-10  THRMO=  1.00D-10  THRPROD=  1.00D-10
                         THRSW=  1.00D-07  THROV=  1.00D-12  THRAOF12= 1.00D-08

 CPU time for 3-index integral evaluation         0.25 sec
 CPU time for first  half transformation          0.01 sec (14446.6 MFLOP/sec)
 CPU time for sorting                             0.01 sec
 CPU time for assembly                            0.03 sec (23992.3 MFLOP/sec)
 CPU time for tranop_f12                          0.04 sec (21427.3 MFLOP/sec)
 CPU time for f12 integrals (total)               0.50 sec, Elapsed time:      0.72 sec
 F12-matrices built in 12 passes.
 F12-matrices built in 12 passes.
 F12-matrices built in 12 passes.
 F12-matrices built in 12 passes.
 FC-matrix built in 12 passes.
 CPU time for f12 matrices (total)                0.02 sec, Elapsed time:      0.02 sec

 Diagonal F12 approximation with fixed coefficients:  TSING= 0.500,  TTRIP= 0.250 (scaled by -1/beta)

 DF-MP2-F12 energy corrections:
 ==============================
 Approx.                                    Singlet             Triplet             Total
 DF-MP2-F12/3*C(DX,FIX)                -0.049725670313     -0.006381227201     -0.056106897514
 DF-MP2-F12/3*C(FIX)                   -0.046570024426     -0.005869177843     -0.052439202269
 DF-MP2-F12/3C(FIX)                    -0.046470765188     -0.006084343959     -0.052555109147

 DF-MP2-F12 correlation energies:
 ================================
 Approx.                                    Singlet             Triplet             Ecorr            Total Energy
 DF-MP2                                -0.400737240106     -0.269337949326     -0.670075189432   -184.434171350157
 DF-MP2-F12/3*C(DX,FIX)                -0.450462910418     -0.275719176528     -0.726182086946   -184.490278247671
 DF-MP2-F12/3*C(FIX)                   -0.447307264532     -0.275207127169     -0.722514391701   -184.486610552426
 DF-MP2-F12/3C(FIX)                    -0.447208005294     -0.275422293285     -0.722630298579   -184.486726459304

 SCS-DF-MP2 energies (F_SING= 1.20000  F_TRIP= 0.62222  F_PARALLEL= 0.33333):
 ============================================================================
 SCS-DF-MP2                            -0.648472745485   -184.412568906211
 SCS-DF-MP2-F12/3*C(DX,FIX)            -0.712114091230   -184.476210251955
 SCS-DF-MP2-F12/3*C(FIX)               -0.708008707677   -184.472104868402
 SCS-DF-MP2-F12/3C(FIX)                -0.708023477730   -184.472119638455

 Symmetry restored.
 Symmetry transformation completed.

 Number of N-1 electron functions:               8
 Number of N-2 electron functions:              36
 Number of singly external CSFs:               384
 Number of doubly external CSFs:            183568
 Total number of CSFs:                      183953

 Pair and operator lists are different

 Length of J-op  integral file:              88.67 MB
 Length of K-op  integral file:             106.57 MB
 Length of 3-ext integral record:             0.00 MB

 Memory could be reduced to 9.34 Mwords without degradation in triples

 Integral transformation finished. Total CPU:   0.16 sec, npass=  1  Memory used:   1.51 MW

 Reference energy:                   -183.76409616

 Adding F12 terms to K(Cij), methodcc=6,  factor= 1.0

 ITER.      SQ.NORM     CORR.ENERGY   TOTAL ENERGY   ENERGY CHANGE        DEN1      VAR(S)    VAR(P)  DIIS     TIME  TIME/IT
   1      1.16422770    -0.64422424  -184.40832040     0.02585980     0.05929985  0.88D-02  0.89D-02  1  1     2.44     0.06
   2      1.17962596    -0.63786351  -184.40195967     0.00636073    -0.02310632  0.14D-03  0.73D-03  2  2     2.49     0.06
   3      1.18474968    -0.63805363  -184.40214979    -0.00019012    -0.00144935  0.25D-03  0.73D-04  3  3     2.53     0.06
   4      1.18830728    -0.63784511  -184.40194127     0.00020852    -0.00160778  0.22D-04  0.14D-04  4  4     2.59     0.06
   5      1.19043012    -0.63782682  -184.40192298     0.00001829    -0.00075518  0.44D-05  0.15D-05  5  5     2.64     0.07
   6      1.19098684    -0.63779756  -184.40189372     0.00002926    -0.00007827  0.34D-06  0.16D-06  6  6     2.70     0.07
   7      1.19109856    -0.63778866  -184.40188482     0.00000890     0.00000110  0.67D-07  0.27D-07  6  1     2.76     0.07
   8      1.19112765    -0.63778543  -184.40188159     0.00000323    -0.00000921  0.64D-08  0.48D-08  6  2     2.81     0.07
   9      1.19112750    -0.63778432  -184.40188048     0.00000111     0.00000534  0.47D-09  0.71D-09  6  4     2.86     0.07
  10      1.19112983    -0.63778399  -184.40188015     0.00000033    -0.00000101  0.72D-10  0.86D-10  6  3     2.91     0.07
  11      1.19112975    -0.63778394  -184.40188011     0.00000004     0.00000050  0.42D-11  0.11D-10  6  5     2.97     0.07
  12      1.19112938    -0.63778396  -184.40188012    -0.00000002     0.00000025  0.86D-12  0.11D-11  6  6     3.01     0.07
  13      1.19112916    -0.63778398  -184.40188014    -0.00000002     0.00000010  0.77D-13  0.10D-12  6  1     3.06     0.07
  14      1.19112906    -0.63778398  -184.40188014    -0.00000000     0.00000004  0.22D-13  0.13D-13  6  2     3.12     0.07
  15      1.19112903    -0.63778399  -184.40188015    -0.00000000     0.00000000  0.57D-14  0.20D-14  6  4     3.16     0.07

 Norm of t1 vector:      0.11197252      S-energy:     0.00000000      T1 diagnostic:  0.01979413
                                                                       D1 diagnostic:  0.04627991
                                                                       D2 diagnostic:  0.17795142 (external, symmetry=3)

 Adding energy correction from Wij-K(Fij), methodcc=6  factor= 1.0

  CCSD correlation energy              -0.637783986281
  MP2-F12 correction (uncoupled)       -0.049940474380
  C*T doubles correction               -0.001842052829
  f12b correction                       0.008800705111


 Total CPU time for triples:      0.34 sec


 RESULTS
 =======

  Reference energy                   -183.762722601864
  F12 singles correction               -0.001373558861

 F12 singles corrections added to reference energy

  New reference energy               -183.764096160725

  F12a singlet correction              -0.045952743568
  F12a triplet correction              -0.005829783641
  F12a total correction                -0.051782527209

 F12a corrections for ansatz F12/3C(FIX) added to CCSD energy

  CCSD-F12a singlet pair energy        -0.460190559145
  CCSD-F12a triplet pair energy        -0.229375959310
  CCSD-F12a correlation energy         -0.689566513491

  Triples (T) contribution             -0.037284537090
  Total correlation energy             -0.726851050580

  CCSD-F12a total energy             -184.453662674216
  CCSD[T]-F12a energy                -184.493694046973
  CCSD-T-F12a energy                 -184.490048080151
 !CCSD(T)-F12a total energy          -184.490947211306

 F12b corrections for ansatz F12/3C(FIX) added to CCSD(T)-F12a energy

  CCSD-F12b singlet pair energy        -0.452064776882
  CCSD-F12b triplet pair energy        -0.228701036462
  CCSD-F12b correlation energy         -0.680765808380

  Triples (T) contribution             -0.037284537090
  Total correlation energy             -0.718050345470

  CCSD-F12b total energy             -184.444861969105
  CCSD[T]-F12b energy                -184.484893341862
  CCSD-T-F12b energy                 -184.481247375041
 !CCSD(T)-F12b total energy          -184.482146506195

 Timing summary (sec):

 STEP                 CPU(USER)    SYS     CPU(TOT)    WALL
 Transformation          0.17      0.08      0.25      0.25
 CCSD iterations         0.80      0.22      1.02      1.08
 Triples                 0.34      0.03      0.37      0.37
 MP2-F12                 2.20      0.28      2.48      2.87
 F12b energy             0.03      0.00      0.03      0.03

 Program statistics:

 Available memory in ccsd:               999999536
 Min. memory needed in ccsd:                574317
 Max. memory used in ccsd:                  727689
 Max. memory used in cckext:                757691 (16 integral passes)



 **********************************************************************************************************************************
 DATASETS  * FILE   NREC   LENGTH (MB)   RECORD NAMES
              1      19       57.41       500      610      701      900      950      970     1001      129      960     1100   
                                          VAR    BASINP    GEOM    SYMINP    ZMAT    AOBASIS   BASIS     P2S    ABASIS      S 
                                         1400     1410     1200     1210     1080     1600     1650     1700     1380   
                                           T        V       H0       H01     AOSYM     SMH    MOLCAS    OPER     JKOP   

              2      18       13.60       500      610      700     1000      520     2100     7360     7350      701     5600   
                                          VAR    BASINP    GEOM     BASIS   MCVARS     RHF    F12ABS    EF12     GEOM     GINFO   
                                         5300     5450     5400     2101     1891     1001     2102     1892   
                                         HESS     NMOD     FREQ      RHF    F12ABS    BASIS     RHF    F12ABS    

 PROGRAMS   *        TOTAL   CCSD(T)    HF-SCF       INT   CCSD(T)    HF-SCF      FREQ      OPTG   CCSD(T)    HF-SCF       INT
 CPU TIMES  *       734.22      3.57      0.11      1.01     12.33      0.64    438.24    259.65     12.35      0.57      5.32
 REAL TIME  *       792.86 SEC
 DISK USED  *         3.93 GB (local),       44.21 GB (total)
 SF USED    *       665.50 MB
 GA USED    *         3.05 MB       (max)       0.00 MB       (current)
 **********************************************************************************************************************************


 Switching to mppx mode, nproc= 12


 PROGRAM * XSURF (Surface generation: the next generation)   Authors: B. Ziegler  2016

 ##### PROGRAM PARAMETERS ##### 

 # XSURF
    Print program parameters:                                       INFO            =   2
    Orientation of molecule:                                        ORIENT          = FREQ
    Minimum number of nD interpolation points:                      MIN1D           =   4
                                                                    MIN2D           =   4
                                                                    MIN3D           =   4
                                                                    MIN4D           =   4
    Maximum number of nD interpolation points:                      MAX1D           =  14
                                                                    MAX2D           =  14
                                                                    MAX3D           =  12
                                                                    MAX4D           =  10
    Molecule in standard orientation:                               DP_SV_STORCH_L  = 1.0
    Use symmetry of potential surfaces:                             MPG             =   0
    Order of the potential energy expansion:                        NDIM            =   4
    Number of fine grid points:                                     NGRID           =  16
    Number of fit functions for fit of nD grid:                     FIT1D           =   9
                                                                    FIT2D           =   9
                                                                    FIT3D           =   9
                                                                    FIT4D           =   9
    Order of surfaces to be plotted:                                PLOT            =   2
    Rotate degenerated modes:                                       RDM             =   0
    Threshold to rotate degenerated modes:                          RDM_THR         = 1.00E-10
    Start surface calculation from a minimum:                       SADDLE          =   0
    Scaling factor for structure elongations:                       SCALE           = 7.50E-01
    Prescreening method:                                            SKIPPING_CRIT   =   1
    Prescreening threshold for nD surfaces:                         SKIP_THR1(3)    = 1.00E-18
    Prescreening threshold for nD surfaces:                         SKIP_THR1(4)    = 1.00E-27
    Number of imaginary frequencies:                                MIMAG           =   0
    Symmetry of electronic structure calculations:                  SYM             = AUTO
    Convergence threshold for interpolation:                        THRFIT1D        = 2.00E-03
                                                                    THRFIT2D        = 5.00E-03
                                                                    THRFIT3D        = 5.00E-03
                                                                    THRFIT4D        = 2.00E-02
    Threshold for interpolation to find low surfaces:               THRLOW2D        = 5.00E-07
                                                                    THRLOW3D        = 1.00E-06
                                                                    THRLOW4D        = 2.00E-06
    Multi level calculation:                                        MULTI           =   1
 # DISK
    Disk for external file:                                         WHERE           = HOME
    External input file:                                            EXTERN          = ../n2o_ccf12qz_4D.xpot
    Dump file for restarting:                                       DUMP            = 
 # INTENSITY
    Order of the dipole surface expansion:                          NDIMDIP         =   3
    Order of the polarizability surface expansion:                  NDIMPOL         =   0
 # SCALNM
    Automatic scaling procedure:                                    AUTO            = ON  
    Threshold for automatic shifting:                               THRSHIFT        = 5.00E-02
    Level of exitation to be considered for the automatic scaling:  LEVMAX          =   5
    Threshold for automatic shifting:                               DENSMAX         = 1.00E-02
    Threshold for automatic shifting:                               DENSMIN         = 1.00E-04
    Show iteration process:                                         SHOW            =   1

 ########## SYMMETRY ########## 

 1) Detecting molecular point group and symmetry elements
 2) Irrep assignment (projection theorem)
 3) Localise coordinates
 4) Rotation of degenerated modes

 ############# 1) ############# 

 Information about detected symmetry elements:
 C00-axis in direction (   0.0   0.0   1.0)^T

 Detected point group: C00

 ############# 2) ############# 

 Map the normal coordinates to their irreduzible representations
 by using a projection theorem (see see Bunker, Jensen: "Molecular
 symmetry and spectroscopy", sec. ed.; page 102-...)

 Mode   Norm of the projected vector   Irrep
 
    1    0.000000000000000030616170   A1  
    1    0.000000000000000030616170   A2  
    1    0.999999999999999777955395   E1     Selected
 
    2    0.000000000000000131985112   A1  
    2    0.000000000000000030616170   A2  
    2    1.000000000000000222044605   E1     Selected
 
    3    1.000000000000000000000000   A1     Selected
    3    0.000000000000000000000000   A2  
    3    0.000000000000000284280715   E1  
 
    4    1.000000000000000000000000   A1     Selected
    4    0.000000000000000000000000   A2  
    4    0.000000000000000152318565   E1  

                Projection theorem
 Mode: Irrep.   max. deviation:   mean deviation:  
    1  E1       0.22204E-15       0.94426E-16
    2  E1       0.22204E-15       0.12822E-15
    3  A1       0.28428E-15       0.94760E-16
    4  A1       0.15232E-15       0.50773E-16

 *** Long output written to logfile /media/storage_5/jsc/N2O/vqzf12/ccsdsdtf12/standardinp/14_14_16/n2o.log ***


 The determined shift and scalnm parameters are:

   scalnm, mode= 1, sfac=1.150, shift= 0
   scalnm, mode= 2, sfac=1.150, shift= 0
   scalnm, mode= 3, sfac=1.050, shift= 1
   scalnm, mode= 4, sfac=1.000, shift=-1

 Calculating 1D potential

 Convergence criteria:

   Crit. 0: No convergence
   Crit. 1: Surface norm of iteration i divided by surface norm
            of iteration i+1. The deviation should be smaller than: 
            Dim  Threshold
              1    0.2000%
              2    0.5000%
              3    0.5000%
              4    2.0000%
   Crit. 2: Surface norm smaller than threshold:
            Dim  Threshold
              2   5.00E-07
              3   1.00E-06
              4   2.00E-06
 
 Surf.   Modes   Points  Crit.     Convergence
            i1
       1     1        3      1     0.00601880   0.00601237
       2     2        0      1     0.00601880   0.00601237
       3     3        6      1     0.01294728   0.01294657
       4     4        6      1     0.02642905   0.02643132

 Calculating 2D potential

 Surf.   Modes         Points  Crit.     Convergence
            i1    i2
       1     1     2       64      1     0.00017725   0.00017806
       2     1     3       18      1     0.00114048   0.00114433
       3     1     4       18      1     0.00140256   0.00140526
       4     2     3        0      1     0.00114048   0.00114433
       5     2     4        0      1     0.00140256   0.00140526
       6     3     4       36      1     0.00648507   0.00648902

 Calculating 3D potential

 Surf.   Modes               Points  Crit.     Convergence
            i1    i2    i3
       1     1     2     3       64      2     0.00000042
       2     1     2     4       64      2     0.00000038
       3     1     3     4      108      1     0.00046058   0.00046052
       4     2     3     4        0      1     0.00046058   0.00046052

 Calculating 4D potential

 Surf.   Modes                     Points  Crit.     Convergence
            i1    i2    i3    i4
       1     1     2     3     4       48      1     0.00003821   0.00003895

 Grid calculation completed

 Formal number of grid points        1935
 Actual number of grid points         435 Time (sec):          0.1
 Number of 1D grid points:             15 Time (sec):          0.0
 Number of 2D grid points:            136 Time (sec):          0.0
 Number of 3D grid points:            236 Time (sec):          0.0
 Number of 4D grid points:             48 Time (sec):          0.0

 CPU-Time for XSURF calculation:          4.6 sec.

 Switching back to mpp mode, nproc= 12



 **********************************************************************************************************************************
 DATASETS  * FILE   NREC   LENGTH (MB)   RECORD NAMES
              1       3       11.54       500      610      702   
                                          VAR    BASINP    GEOM   

              2      24      969.95       500      610      700     1000      520     2100     7360     7350      701     5300   
                                          VAR    BASINP    GEOM     BASIS   MCVARS     RHF    F12ABS    EF12     GEOM     HESS   
                                         5450     5400     2101     1891     1001     2102     1892     5809      702     1002   
                                         NMOD     FREQ      RHF    F12ABS    BASIS     RHF    F12ABS             GEOM     BASIS   
                                         5625     5550     5600     5650   
                                         XSURF   VIBINFO   SURF    DIPOLE    

 PROGRAMS   *        TOTAL     XSURF   CCSD(T)    HF-SCF       INT   CCSD(T)    HF-SCF      FREQ      OPTG   CCSD(T)    HF-SCF
 CPU TIMES  *       738.13      3.91      3.57      0.11      1.01     12.33      0.64    438.24    259.65     12.35      0.57
 REAL TIME  *       797.43 SEC
 DISK USED  *         3.93 GB (local),       44.21 GB (total)
 SF USED    *       665.50 MB
 GA USED    *         3.05 MB       (max)       0.00 MB       (current)
 **********************************************************************************************************************************


 Switching to mppx mode, nproc= 12


 PROGRAM * POLY (Transformation of PES grid representation to an analytic representation)   Authors: G. Rauhut 2008, M. Neff 2010, B. Ziegler 2019

 Reading potential information from:      5625.2
 Reading dipole information from:         5625.2

 Program parameters: Order of the potential energy expansion (<=4):  NDIM         =  4
                     Include dipole surfaces:                        DIPOLE       =  1  (ON)
                     Order of the dipole surface expansion (<=4):    NDIMDIP      =  3
                     Include polarisability surfaces:                POLAR        =  0 (OFF)
                     Type of basis functions for the expansion:      POT          = POLY
                     Maximum number of basis functions:              MXBF         = 12
                     Order of the mu tensor used in the VARC calc.:  NVARC        =  2
                     Include the VAM operator:                       VAM          =  3  (ON)
                     Do single minimum calculation:                  SADDLE       =  0
                     Threshold for fitting the 1D surfaces:          CHI_AV_1D    = 0.10E-09,   CHI_MX_1D    = 0.10E-09
                     Threshold for fitting the 2D surfaces:          CHI_AV_2D    = 0.10E-09,   CHI_MX_2D    = 0.10E-09
                     Threshold for fitting the 3D surfaces:          CHI_AV_3D    = 0.10E-09,   CHI_MX_3D    = 0.10E-09
                     Threshold for fitting the 4D surfaces:          CHI_AV_4D    = 0.10E-09,   CHI_MX_4D    = 0.10E-09

 Time to calculate mu-tensor up to dimension 0:     0.0 sec.

 Type   of basis function: Polynomials     
 Number of basis function: 7

        Dim.  Chi Av.             Chi Max               Time   Surface
              Coarse    Fine      Coarse    Fine        Sec.   Coarse

 Energy 1D    2.69E-27  1.20E-30  1.06E-26  3.76E-30     0.0    4
        2D    7.83E-14  7.08E-13  4.70E-13  4.25E-12     0.0    1  2
        3D    4.08E-29  2.38E-32  8.15E-29  4.25E-32     0.0    1  3  4
        4D    2.32E-32  1.82E-33  2.32E-32  1.82E-33     0.0    1  2  3  4

 Dipole 1D    7.50E-26  4.65E-29  8.26E-25  4.89E-28     0.0    4
        2D    4.08E-10  4.39E-09  6.21E-09  6.71E-08     0.0    1  2
        3D    2.93E-29  4.70E-32  1.39E-28  1.76E-31     0.0    1  3  4

 Harmonic frequencies obtained from polynomial fit

   Mode         Ref.         Fit

   4 A1       2289.17     2289.49
   3 A1       1303.72     1303.70
   2 E1        600.16      599.99
   1 E1        600.16      599.99

 CPU-Time for POLY calculation:          0.0 sec.

 Switching back to mpp mode, nproc= 12



 **********************************************************************************************************************************
 DATASETS  * FILE   NREC   LENGTH (MB)   RECORD NAMES
              1       3       11.54       500      610      702   
                                          VAR    BASINP    GEOM   

              2      26      970.11       500      610      700     1000      520     2100     7360     7350      701     5300   
                                          VAR    BASINP    GEOM     BASIS   MCVARS     RHF    F12ABS    EF12     GEOM     HESS   
                                         5450     5400     2101     1891     1001     2102     1892     5809      702     1002   
                                         NMOD     FREQ      RHF    F12ABS    BASIS     RHF    F12ABS             GEOM     BASIS   
                                         5625     5550     5600     5650     5775     5750   
                                         XSURF   VIBINFO   SURF    DIPOLE    XPOLY    POLY   

 PROGRAMS   *        TOTAL      POLY     XSURF   CCSD(T)    HF-SCF       INT   CCSD(T)    HF-SCF      FREQ      OPTG   CCSD(T)
 CPU TIMES  *       738.14      0.01      3.91      3.57      0.11      1.01     12.33      0.64    438.24    259.65     12.35
 REAL TIME  *       797.44 SEC
 DISK USED  *         3.93 GB (local),       44.21 GB (total)
 SF USED    *       665.50 MB
 GA USED    *         3.05 MB       (max)       0.00 MB       (current)
 **********************************************************************************************************************************


 Switching to mppx mode, nproc= 12


 PROGRAM * VSCF (Vibrational self-consistent field)   Authors: G. Rauhut 2004, M. Neff 2009, D. Oschetzki 2013

 Program parameters: Order of the potential energy expansion (<=4):  NDIM         =  4
                     Order of the dipole surface expansion (<=4):    NDIMDIP      =  3
                     Type of potential:                              TYPE         = POLY
                     Number of basis functions:                      NBAS         = 18
                     Type of the basis for the vib. wavefunction:    BASIS        =  3
                     VSCF version to be used:                        VERSION      =  0
                     Include calculation of combination bands:       COMBI        =  2  (YES)
                     Use distributed gaussians basis:                COLLO        =  1
                     Include the VAM operator:                       VAM          =  3  (ON)
                     Use equally spaced grid points:                 GHP          =  0  (YES)
                     Print program parameters:                       INFO         =  1  (YES)
                     Compute thermodynamical properties:             THERMO       =  0  (NO)
                     Using DVR for solving one-mode equations:       SOLVER       =  1
                     Do single minimum calculation:                  SADDLE       =  0
                     NDIM used in the VARC calculation:              NVARC        =  2
                     Print additional information:                   PRINT        =  0
                     Initial guess for VSCF calculation:             GUESS        =  1
                     Ignore negative energies in VSCF iterations:    IGNORE       =  0

 Reading potential information from:      5625.2    5775.2
 Reading dipole information from:         5775.2


 Non-zero Coriolis zeta constants

   Modes        a             b             c

   4  2     -0.000000     -0.000000     -0.981515
   4  1      0.000000      0.981515      0.000000
   3  2      0.000000      0.000000     -0.191384
   3  1      0.000000      0.191384      0.000000
   2  1     -1.000000      0.000000     -0.000000

 Starting VSCF Iterations

      Mode  Iter     Status    E(SCF)       E(MP1)    E(TOTAL)
        0     7       1.00     2362.53       21.56     2384.09
       4^1    9       1.00     4510.46      113.46     4623.92
       3^1    7       1.00     3632.34       35.68     3668.02
       2^1    7       1.00     2941.48       37.01     2978.48
       1^1    7       1.00     2941.48       37.01     2978.48
       4^2   11       1.00     6545.10      287.10     6832.19
       3^2    7       1.00     4885.66       54.68     4940.35
       2^2    9       1.00     3517.55       58.82     3576.38
       1^2    9       1.00     3517.55       58.82     3576.37
  3^1  4^1    9       1.00     5768.85      133.41     5902.26
  2^1  4^1    9       1.00     5065.96      137.51     5203.48
  1^1  4^1    9       1.00     5065.96      137.51     5203.48
  2^1  3^1    7       1.00     4200.03       57.70     4257.72
  1^1  3^1    7       1.00     4200.03       57.70     4257.72
  1^1  2^1    9       1.00     3519.43       54.48     3573.91

 Results of VSCF calculation: (Frequencies in cm-1)

 Fundamentals

      Mode        Harmonic    Diagonal       VSCF      E(abs)     IR Intens
       4^1 A       2289.17     2298.08     2239.83     4623.92      583.52
       3^1 A       1303.72     1293.81     1283.93     3668.02      105.83
       2^1 A        600.16      606.69      594.40     2978.48        8.61
       1^1 A        600.16      606.69      594.40     2978.48        8.61

 Overtones

      Mode        Harmonic    Diagonal       VSCF      E(abs)     IR Intens
       4^2 A       4578.33     4604.92     4448.11     6832.19        4.11
       3^2 A       2607.45     2578.32     2556.26     4940.35        1.96
       2^2 A       1200.32     1219.64     1192.29     3576.38        0.31
       1^2 A       1200.31     1219.64     1192.29     3576.37        0.31

 Combination bands

      Mode        Harmonic    Diagonal       VSCF      E(abs)     IR Intens
  3^1  4^1 A       3592.89     3591.88     3518.17     5902.26       34.42
  2^1  4^1 A       2889.33     2904.77     2819.39     5203.48        0.16
  1^1  4^1 A       2889.32     2904.77     2819.39     5203.48        0.16
  2^1  3^1 A       1903.88     1900.50     1873.63     4257.72        0.03
  1^1  3^1 A       1903.88     1900.50     1873.63     4257.72        0.03
  1^1  2^1 A       1200.32     1213.38     1189.82     3573.91        0.00

 Zero point vibrational energy (cm-1)

             ZPVE     Sum 0->1
 Harm.     2396.60     2396.60
 Diag.     2401.76     2402.63
 VSCF      2384.09     2356.27


 VSCF/ZPVE vibrationally averaged geometry (Bohr)

    1  O     8.00     0.000000016   -0.000000003   -2.111692907
    2  N1    7.00    -0.000000036    0.000000007    0.138451041
    3  N2    7.00     0.000000019   -0.000000004    2.273615598


 VSCF/ZPVE vibrationally averaged geometric parameters

    Ra parameters

                  Bohr          Angstrom      Delta (Ang.)
     1- 2     2.250143948     1.190724899     0.004385477
     2- 3     2.135164557     1.129880425     0.002234818

    Rg parameters

                  Bohr          Angstrom      Delta (Ang.)
     1- 2     2.254580437     1.193072587     0.006733165
     2- 3     2.140418152     1.132660508     0.005014901

 CPU-Time for VSCF calculation:          0.2 sec.

 Switching back to mpp mode, nproc= 12



 **********************************************************************************************************************************
 DATASETS  * FILE   NREC   LENGTH (MB)   RECORD NAMES
              1       3       11.54       500      610      702   
                                          VAR    BASINP    GEOM   

              2      27      972.05       500      610      700     1000      520     2100     7360     7350      701     5300   
                                          VAR    BASINP    GEOM     BASIS   MCVARS     RHF    F12ABS    EF12     GEOM     HESS   
                                         5450     5400     2101     1891     1001     2102     1892     5809      702     1002   
                                         NMOD     FREQ      RHF    F12ABS    BASIS     RHF    F12ABS             GEOM     BASIS   
                                         5625     5550     5600     5650     5775     5750     5700   
                                         XSURF   VIBINFO   SURF    DIPOLE    XPOLY    POLY     VSCF   

 PROGRAMS   *        TOTAL      VSCF     XSURF   CCSD(T)    HF-SCF       INT   CCSD(T)    HF-SCF      FREQ      OPTG   CCSD(T)
 CPU TIMES  *       738.33      0.19      3.91      3.57      0.11      1.01     12.33      0.64    438.24    259.65     12.35
 REAL TIME  *       797.64 SEC
 DISK USED  *         3.93 GB (local),       44.21 GB (total)
 SF USED    *       665.50 MB
 GA USED    *         3.05 MB       (max)       0.00 MB       (current)
 **********************************************************************************************************************************


 Switching to mppx mode, nproc= 12


 PROGRAM * VCI (Vibrational configuration interaction)   Authors: G. Rauhut 2004, M. Neff 2009, D. Oschetzki 2013, T. Petrenko 2016, T.Mathea 2020

 Program parameters: Order of the potential energy expansion (<=4):  NDIM         =  4
                     Order of the dipole surface expansion (<=4):    NDIMDIP      =  3
                     Number of basis functions:                      NBAS         = 18
                     Type of the basis for the vib. wavefunction:    BASIS        =  3
                     Include calculation of combination bands:       COMBI        =  2  (YES)
                     Type of VCI expansion (1=S, 2=SD, 3=SDT):       CITYPE       =  5
                     Maximum single excitation level in VCI:         LEVEX        =  5
                     Total maximum excitation level in VCI:          CIMAX        = 15
                     VCI version to be used:                         VERSION      =  3
                     Type of potential:                              TYPE         = POLY
                     Threshold for VMP2 based selection:             THRSEL       = 2.00E-02
                     Threshold for individual conf. selection:       THRCF        = 5.00E-10
                     Threshold for excluding configurations:         THREX        = 5.00E-04
                     Number of iterions for exclusion:               ITEXCL       =  3
                     Diagonalization routine in PVCI:                DIAG         = TRS
                     Include the VAM operator:                       VAM          =  3  (ON)
                     Print program parameters:                       INFO         =  1  (YES)
                     Compute thermodynamical properties:             THERMO       =  0  (NO)
                     Do single minimum calculation:                  SADDLE       =  0
                     Threshold for multi-state analysis:             ANALYZE      = 2.00E-01
                     NDIM used in the VARC calculation:              NVARC        =  2
                     Contraction:                                    CONT         =  2
                     Use of MVCI:                                    MULTIVCI     =  1  (YES)
                     Use prediagonalization of subspaces:            SUBSPACE     =  1  (YES)
                     Use VMP2-like vector for conf. selection:       SKIPDIAG     =  2  (YES)
                     Threshold for starting VMP2-vec usage:          THRDIAG      = 2.00E+00
                     Threshold for convergence (VMP2-crit.):         THRECORR     = 1.00E+00
                     Calculate only GS and userdefined states:       USERMODE     =  0
                     Reference used in configuration generator:      REFERENCE    =  GS based
 NBODY:              Use incremental approach for VCI solution:      USEIVCI      =  0  (NO)

 Reading potential information from:      5600.2    5750.2
 Reading dipole information from:         5650.2    5750.2
 Reading VSCF wave function from:         5700.2

 Symmetry switched off due to non-abelian point group
 Results of VCI calculation:


 Fundamentals

      Mode         E(abs)      VCI(5)       IR Intens     Leading term        Type    Dim.      Confs      CPU tot.       CPU #
         0         2380.59         0.00                       0.9996             T       84        1226           0.0         0.0
       4^1 A1      4612.17      2231.58        566.76         0.9837             T      124        1226           0.1         0.0
       3^1 A1      3671.09      1290.50        108.01         0.9349             T      139        1226           0.1         0.0
       2^1 E1      2973.99       593.40          8.66         0.9988             T      103        1226           0.1         0.0
       1^1 E1      2973.99       593.40          8.66         0.9988             T      103        1226           0.2         0.0

 Overtones

      Mode         E(abs)      VCI(5)       IR Intens     Leading term        Type    Dim.      Confs      CPU tot.       CPU #
       4^2 A1      6814.38      4433.80          1.32         0.9510             T      163        1226           0.2         0.1
       3^2 A1      4955.78      2575.19         14.54         0.8382             T      204        1226           0.3         0.1

            Multi-state (mppx) / resonance analysis for state:  2^2  A1  

                State  1  Energy (abs/rel):    3568.57    1187.98     IR Int.     0.00   
                          1.    49.7% ( 0.70)  Configuration: |0200>, Overlap:   0.703
                          2.    49.7% (-0.70)  Configuration: |2000>, Overlap:   0.702

                State  2  Energy (abs/rel):    3557.59    1177.00     IR Int.     4.00   
                          1.    43.5% (-0.66)  Configuration: |0200>, Overlap:   0.657
                          2.    43.5% (-0.66)  Configuration: |2000>, Overlap:   0.657
                          3.    12.4% ( 0.35)  Configuration: |0010>, Overlap:   0.345

       2^2 A1      3568.57      1187.98          0.00         0.7049             T      129        1226           0.3         0.1

            Multi-state (mppx) / resonance analysis for state:  1^2  A1  

                State  1  Energy (abs/rel):    3568.57    1187.98     IR Int.     0.00   
                          1.    49.7% ( 0.70)  Configuration: |2000>, Overlap:   0.702
                          2.    49.7% (-0.70)  Configuration: |0200>, Overlap:   0.703

                State  2  Energy (abs/rel):    3557.59    1177.00     IR Int.     4.00   
                          1.    43.5% (-0.66)  Configuration: |2000>, Overlap:   0.657
                          2.    43.5% (-0.66)  Configuration: |0200>, Overlap:   0.657
                          3.    12.4% ( 0.35)  Configuration: |0010>, Overlap:   0.345

       1^2 A1      3568.57      1187.98          0.00         0.7049             T      129        1226           0.4         0.1

 Combination bands

      Mode         E(abs)      VCI(5)       IR Intens     Leading term        Type    Dim.      Confs      CPU tot.       CPU #
  3^1  4^1 A1      5875.25      3494.66         23.42         0.8896             T      189        1226           0.4         0.1
  2^1  4^1 E1      5191.59      2811.00          0.23         0.9856             T      149        1226           0.5         0.0
  1^1  4^1 E1      5191.59      2811.00          0.23         0.9856             T      149        1226           0.5         0.0
  2^1  3^1 E1      4271.56      1890.97          0.07         0.8887             T      163        1226           0.6         0.0
  1^1  3^1 E1      4271.56      1890.97          0.07         0.8887             T      163        1226           0.6         0.1
  1^1  2^1 A2      3568.46      1187.87          0.00         0.9969             T      122        1226           0.6         0.0


 VCI/ZPVE vibrationally averaged geometry (Bohr)

    1  O     8.00     0.000000016    0.000000000   -2.111693494
    2  N1    7.00    -0.000000036   -0.000000000    0.138464355
    3  N2    7.00     0.000000019   -0.000000000    2.273602955


 VCI/ZPVE vibrationally averaged geometric parameters

    Ra parameters

                  Bohr          Angstrom      Delta (Ang.)
     1- 2     2.250157849     1.190732254     0.004392832
     2- 3     2.135138601     1.129866690     0.002221082

    Rg parameters

                  Bohr          Angstrom      Delta (Ang.)
     1- 2     2.254606234     1.193086238     0.006746816
     2- 3     2.140409514     1.132655937     0.005010329

 CPU-Time for VCI calculation:          0.2 sec.

 Switching back to mpp mode, nproc= 12



 **********************************************************************************************************************************
 DATASETS  * FILE   NREC   LENGTH (MB)   RECORD NAMES
              1       3       11.54       500      610      702   
                                          VAR    BASINP    GEOM   

              2      29      972.07       500      610      700     1000      520     2100     7360     7350      701     5300   
                                          VAR    BASINP    GEOM     BASIS   MCVARS     RHF    F12ABS    EF12     GEOM     HESS   
                                         5450     5400     2101     1891     1001     2102     1892     5809      702     1002   
                                         NMOD     FREQ      RHF    F12ABS    BASIS     RHF    F12ABS             GEOM     BASIS   
                                         5625     5550     5600     5650     5775     5750     5700     5800     5817   
                                         XSURF   VIBINFO   SURF    DIPOLE    XPOLY    POLY     VSCF     PVCI   

 PROGRAMS   *        TOTAL       VCI      POLY     XSURF   CCSD(T)    HF-SCF       INT   CCSD(T)    HF-SCF      FREQ      OPTG
 CPU TIMES  *       738.49      0.16      0.01      3.91      3.57      0.11      1.01     12.33      0.64    438.24    259.65
 REAL TIME  *       797.84 SEC
 DISK USED  *         3.93 GB (local),       44.21 GB (total)
 SF USED    *       665.50 MB
 GA USED    *         3.05 MB       (max)       0.00 MB       (current)
 **********************************************************************************************************************************

     CCSD(T)-F12          HF-SCF     CCSD(T)-F12          HF-SCF   OPTG(CCSD(T))     CCSD(T)-F12          HF-SCF
   -184.48214651   -183.76272260   -184.48984543   -183.76579863   -184.48984542   -184.48983956   -183.76623440
 **********************************************************************************************************************************
 Molpro calculation terminated
